# 2F gold spot-check review — NON-blind rows: fill type_correct(1/0) + realistic(1/0). BLIND rows (blind=1, entity_type WITHHELD): fill recovered_type + realistic, leave type_correct blank.,,,,,,,,,,,
# Realism rubric (mark realistic=1 if the value is a plausible instance of its type IN THIS CONTEXT): 1=plausible (e.g. a well-formed email, a native-script name in its language); 0=implausible (e.g. an English/US value in a non-English carrier, malformed format). Examples: 'pedro@x.com' as EMAIL=1; 'James Smith' as PERSON_NAME in a Greek record=0.,,,,,,,,,,,
# BLIND rows give BOTH anchoring-resistant signals: type-recovery (recovered_type, named BEFORE you reveal the type) AND blind realism (realistic, judged without the type label visible).,,,,,,,,,,,
span_id,record_id,language,script,entity_type,span_text,context,p_incl,blind,tranche,type_correct,realistic,recovered_type,note
0009c58e-39b0-5c24-9dd5-41e0ee25618f#1,0009c58e-39b0-5c24-9dd5-41e0ee25618f,en,Latn,NATIONAL_ID_NUMBER,NID-78748​55​22,"Record for Sandra Clark, National Id Number: NID-78748​55​22, contact sandra.clark62@fastmail.com. [#c8b1d9b9fdb55745-26",0.000262,0,stratified,1,1,,
0023ffa4-5077-50f2-9875-a01771454668#3,0023ffa4-5077-50f2-9875-a01771454668,de,Latn,SOCIAL_SECURITY_NUMBER,732-12-9732,"com, Telefon: +1 (532) 924-6516. Sozialversicherungsnummer: 732-12-9732. Adresse: 7032 Poplar Drive, Fairview, NY 36732. Unternehme",0.00011151,0,stratified,1,1,,
010a6b2c-31fc-5f1f-a82f-3937bfa74393#1,010a6b2c-31fc-5f1f-a82f-3937bfa74393,th,Thai,PIN,6830,"Record for มาลัย เจริญผล, PIN: 6830, contact มาลัย.เจริญผล26@gmail.com. [#eecb2bc53c6c16b6-815]",0.00065703,0,stratified,1,1,,
01983a90-7cf9-51a5-ae65-6b9e19ad8330#1,01983a90-7cf9-51a5-ae65-6b9e19ad8330,de,Latn,CVV,135,"Record for Petra Becker, CVV: 135, contact petra.becker53@yahoo.com. [#4c65ce528d7932d3-641]",0.00031029,0,stratified,1,1,,
02b8a98a-a09a-5d7b-b4f6-99667bf65c4c#1,02b8a98a-a09a-5d7b-b4f6-99667bf65c4c,th,Thai,API_KEY,sk-NfQe4Xv2WNu0BkX9rbPUzpnOf2g0Xr0a,"Record for วิโรจน์ เจริญผล, API key: sk-NfQe4Xv2WNu0BkX9rbPUzpnOf2g0Xr0a, contact วิโรจน์.เจริญผล98@outlook.com. [#259d5bb8c1cbf0d2-",0.00065703,0,stratified,1,1,,
02f81958-24b6-5d91-b4d0-d065d2812188#1,02f81958-24b6-5d91-b4d0-d065d2812188,en,Latn,MEDICAL_RECORD_NUMBER,MRN-7586627,"CLINICAL ENCOUNTER TRANSCRIPT Patient: Kimberly Moore (MRN: MRN-7586627) Provider: Dr. Brian Davis  DR: Good morning, Kimberly Moor",0.00019533,0,stratified,1,1,,
037ad512-8371-54fd-858c-6a9786934224#1,037ad512-8371-54fd-858c-6a9786934224,he,Hebr,BANK_ACCOUNT_NUMBER,3368109118,"Record for רבקה פרידמן, Bank Account Number: 3368109118, contact רבקה.פרידמן19@yahoo.com. [#6dabe7e98e1fbaf-1409]",0.00065703,0,stratified,1,1,,
04154647-e7d5-530e-a713-88ee6c3b12a3#1,04154647-e7d5-530e-a713-88ee6c3b12a3,el,Grek,CVV,149,"Record for Αικατερίνη Νικολάου, CVV: 149, contact αικατερίνη.νικολάου3@gmail.com. [#240cf39ce8ade500",0.00065703,0,stratified,1,1,,
04c27c5e-0383-5e8e-9631-25472cd75fc3#3,04c27c5e-0383-5e8e-9631-25472cd75fc3,en,Latn,,4,23456. Record shows 32. Record shows jsmith42. Record shows 4. Record shows 2023 Toyota Camry. Record shows 62701. Record,0.01,1,stratified,1,1,AGE,
04d77820-370f-521d-8803-b938cbc1888b#4,04d77820-370f-521d-8803-b938cbc1888b,de,Latn,SALARY,"$188,000 ","-68-5877 Employer: Wayne Enterprises EIN: 32-3893252 Wages: $188,000 Address: 9062 Spruce Ave, Arlington, PA 54504 State: Filed",0.00024164,0,stratified,1,1,,
04df543c-a961-57b0-ae54-b811f49c9719#16,04df543c-a961-57b0-ae54-b811f49c9719,es,Latn,PHONE_NUMBER,+1 (561) 327-7493,"m for scheduling the review meeting. Signed: Pamela Martin, +1 (561) 327-7493",9.813e-05,0,stratified,1,1,,
060492a1-eab3-52a5-80ce-97c80d6faf39#2,060492a1-eab3-52a5-80ce-97c80d6faf39,en,Latn,PERSON_NAME,Dr. Allen,ccount: 0249230083) reported an issue. Our agent spoke with Dr. Allen and resolved the complaint. Kenneth can be reached at +1 (3,8.375e-05,0,stratified,1,1,,
063967d6-de85-561f-8883-167506f82e54#1,063967d6-de85-561f-8883-167506f82e54,th,Thai,TAX_ID,95-5482166,"Record for รัตนา ปัญญารชุน, Tax Id: 95-5482166, contact รัตนา.ปัญญารชุน57@yahoo.com. [#dbab90685d3f8edf-15",0.00065703,0,stratified,1,1,,
06dd682c-4ef0-5080-93c7-4618ad37bbc0#15,06dd682c-4ef0-5080-93c7-4618ad37bbc0,en,Latn,PERSON_NAME,James Jackson,n be reached at george.perez@company.com or +1 611-793-132. James Jackson can be reached at james.jackson@test.com or +1 747-313-383.,8.375e-05,0,stratified,1,1,,
075147d9-bcde-5d8f-bc3e-9f56be213346#1,075147d9-bcde-5d8f-bc3e-9f56be213346,it,Latn,IP_ADDRESS,216.237.150.163,"Record for Anna Bianchi, IP: 216.237.150.163, contact anna.bianchi20@outlook.com. [#be396340da74ffab-197",0.00019761,0,stratified,1,1,,
088fadd7-bb33-5f2f-ae39-c0d7888c9cfe#0,088fadd7-bb33-5f2f-ae39-c0d7888c9cfe,hi,Deva,,Ananya Iyer,"Karmachari record: Ananya Iyer, email: ananya.iyer81@gmail.com, phone: +1 (681) 367-9253. ",9.796e-05,1,stratified,1,1,PERSON_NAME,
08a0f8a8-2848-5886-bc2b-13a9fc8b1dd8#4,08a0f8a8-2848-5886-bc2b-13a9fc8b1dd8,th,Thai,EMAIL_ADDRESS,ประยุทธ์.บุนนาค31@protonmail.com,"ington, AL 43341. Please contact us at +1 (885) 666-1648 or ประยุทธ์.บุนนาค31@protonmail.com if this information is incorrect.  Best regards, Sterling C",0.00012162,0,stratified,1,1,,
093e3ddc-2fe9-5fd7-8465-6bb575903881#1,093e3ddc-2fe9-5fd7-8465-6bb575903881,th,Thai,BAR_NUMBER,BAR-240729,"Record for ทักษิณ ทองดี, Bar Number: BAR-240729, contact ทักษิณ.ทองดี81@zoho.com. [#7627c3374af641b5-409]",0.00132802,0,stratified,1,1,,
09793e80-d65e-5df6-a5f5-23a6d8d6228a#3,09793e80-d65e-5df6-a5f5-23a6d8d6228a,en,Latn,,admin_5043,".young27@aol.com"",   serverIp: ""128.30.223.129"",   dbUser: ""admin_5043"",   dbPass: ""mIYk5ME6j!"",   macAddress: ""81:11:41:39:35:a2""",0.00028891,1,stratified,1,1,USERNAME,
098305f6-f22e-57d7-8002-80266b2352cb#1,098305f6-f22e-57d7-8002-80266b2352cb,en,Latn,BANK_ROUTING_NUMBER,NTYyOTEzMTMx,"Record for Mary King, Bank Routing Number: NTYyOTEzMTMx, contact mary.king49@fastmail.com. [#4edc2099efd9aa45-417]",0.00025268,0,stratified,1,1,,
09d450c8-0e5c-58c9-9671-d43e11bc0113#1,09d450c8-0e5c-58c9-9671-d43e11bc0113,bn,Beng,BANK_ROUTING_NUMBER,634025618,"Record for জাহিদ সরকার, Bank Routing Number: 634025618, contact জাহিদ.সরকার12@yahoo.com. [#546b1b4d722d57ab-1289]",0.00065703,0,stratified,1,1,,
0b74633a-0b1d-5ba0-accc-15e095f4296f#7,0b74633a-0b1d-5ba0-accc-15e095f4296f,en,Latn,CRYPTOCURRENCY_ADDRESS,1A1zP1eP5QGefi2DMPTfTL5SLmv7DivfNa,mith42. Record shows Type 2 Diabetes Mellitus. Record shows 1A1zP1eP5QGefi2DMPTfTL5SLmv7DivfNa. ,0.00082034,0,stratified,1,1,,
0cfb8d2e-f65a-5b01-b084-853fef6e349a#2,0cfb8d2e-f65a-5b01-b084-853fef6e349a,he,Hebr,,דוד.פרץ47@gmail.com,"וד פרץ, Health Condition: Type 2 Diabetes Mellitus, contact דוד.פרץ47@gmail.com. [#c1be1370ff4159c1-109]",0.00012131,1,stratified,1,1,EMAIL_ADDRESS,
0da474cf-ae04-5b71-92bd-5f89a0f32d8c#5,0da474cf-ae04-5b71-92bd-5f89a0f32d8c,en,Latn,,charles.smith98@protonmail.com,"ail adam.evans98@protonmail.com belongs to Dr. Evans, while charles.smith98@protonmail.com belongs to Ms. Smith. Phone records show +1 (998) 986-5174 ",8.538e-05,1,stratified,1,1,EMAIL_ADDRESS,
0df59674-8f7f-5bc0-a601-615351f110e4#4,0df59674-8f7f-5bc0-a601-615351f110e4,es,Latn,STREET_ADDRESS,"9633 Hickory Boulevard, Bristol, FL 29433"," 231-1629. Numero de seguro social: 633-93-2433. Direccion: 9633 Hickory Boulevard, Bristol, FL 29433. Empresa: Sterling Cooper.",0.00012576,0,stratified,1,1,,
0dfce11a-d691-5da1-8513-a0d076d2bdd6#1,0dfce11a-d691-5da1-8513-a0d076d2bdd6,de,Latn,CREDIT_CARD_NUMBER,4278 7383 9461 6826,"Record for Sabine Klein, Credit Card Number: 4278 7383 9461 6826, contact sabine.klein59@icloud.com. [#50e2d5aab6e7500f-843]",0.00020098,0,stratified,1,1,,
0ed81cf9-6add-5ae0-ab0a-988428a9421f#0,0ed81cf9-6add-5ae0-ab0a-988428a9421f,fr,Latn,,Michel Robert,"Record for Michel Robert, Driver License Number: KG-216707, contact michel.robert98@",8.375e-05,1,stratified,1,1,PERSON_NAME,
0edd4b1e-57c2-521b-9c4f-cf6c0592ed1d#1,0edd4b1e-57c2-521b-9c4f-cf6c0592ed1d,el,Grek,,sk-c3aKJy7YJKXVultXzGUZHxKe8YE1mMXG,"Record for Αναστασία Βασιλείου, API key: sk-c3aKJy7YJKXVultXzGUZHxKe8YE1mMXG, contact αναστασία.βασιλείου76@hotmail.com. [#e6c612382fc41",0.00065703,1,stratified,1,1,API_KEY,
0fc9887d-c682-587f-a82f-f0a8bb32a59a#2,0fc9887d-c682-587f-a82f-f0a8bb32a59a,th,Thai,EMAIL_ADDRESS,ทักษิณ.ศิริพงศ์84@icloud.com,"Record for ทักษิณ ศิริพงศ์, DOB: 2002-10-28, contact ทักษิณ.ศิริพงศ์84@icloud.com. [#72814d7c81a588a4-156]",0.00012162,0,stratified,1,1,,
11caa1f0-32ad-5cf7-bf1a-ca74fb14ddb6#1,11caa1f0-32ad-5cf7-bf1a-ca74fb14ddb6,en,Latn,,Ford F-150,"Record for Susan King, Vehicle Model: Ford F-150, contact susan.king65@hotmail.com. [#f4f1ec85c1d8b50a-16]",0.00542005,1,stratified,1,1,VEHICLE_MODEL,
11f576d7-0a1f-58c3-9cc0-52d132032337#1,11f576d7-0a1f-58c3-9cc0-52d132032337,bn,Beng,BANK_ACCOUNT_NUMBER,4021328587,"Record for করিম মণ্ডল, Bank Account Number: 4021328587, contact করিম.মণ্ডল53@hotmail.com. [#713ce1f4c684f78f-1482]",0.00065703,0,stratified,1,1,,
11f5c0fa-0098-5787-8a36-2e883d5a8c5b#1,11f5c0fa-0098-5787-8a36-2e883d5a8c5b,ru,Cyrl,,NBfspTvx@dcGS,"Record for Светлана Лебедев, Password: NBfspTvx@dcGS, contact светлана.лебедев1@yahoo.com. [#48d80180bf22e59d-93",0.00065703,1,stratified,1,1,,
11f869d2-1dcc-5b86-a0c7-fca865a362b8#1,11f869d2-1dcc-5b86-a0c7-fca865a362b8,bn,Beng,NATIONAL_ID_NUMBER,NID-616922076,"Record for জাহিদ মণ্ডল, National Id Number: NID-616922076, contact জাহিদ.মণ্ডল67@mail.com. [#149250aeb202d037-4]",0.00065703,0,stratified,1,1,,
12569fb8-ca02-5f37-b0d5-ccf030750acb#1,12569fb8-ca02-5f37-b0d5-ccf030750acb,th,Thai,DEA_NUMBER,WK8973087,"Record for วนิดา แก้วกล้า, DEA: WK8973087, contact วนิดา.แก้วกล้า8@protonmail.com. [#bc737182dd1ab31-",0.00132802,0,stratified,1,1,,
12a63cb8-b20a-565c-8945-8a399e371b6c#0,12a63cb8-b20a-565c-8945-8a399e371b6c,en,Latn,PERSON_NAME,Jennifer Scott,"Record for Jennifer Scott, Bank Account Number: NTA1NjA5NzI0MA==, contact jennifer.sc",8.375e-05,0,stratified,1,1,,
12a9e135-2b18-5419-89d1-ff0700a26a3f#2,12a9e135-2b18-5419-89d1-ff0700a26a3f,bn,Beng,EMAIL_ADDRESS,আরিফ.আক্তার65@icloud.com,"Record for আরিফ আক্তার, Invoice Number: INV-469484, contact আরিফ.আক্তার65@icloud.com. [#6b24913aae2905dd-130]",0.00012131,0,stratified,1,1,,
12b5e6ed-2830-5c8f-a270-dc85cd604939#1,12b5e6ed-2830-5c8f-a270-dc85cd604939,es,Latn,,INV-335405,"Record for Luis Torres, Invoice Number: INV-335405, contact luis.torres48@yahoo.com. [#f6770c3688956244-311]",0.00029551,1,stratified,1,1,INVOICE_NUMBER,
13bdd16f-6505-5da7-a87f-96a3e548cace#1,13bdd16f-6505-5da7-a87f-96a3e548cace,no,Latn,EMAIL_ADDRESS,kevin.lewis47@protonmail.com, Value | |-------|-------| | Name | Kevin Lewis | | Email | kevin.lewis47@protonmail.com | | Phone | +1 (314) 942-7043 | | Org | InGen |,8.538e-05,0,stratified,1,1,,
14c8d3c7-8f2b-5efa-8b2f-6cd98d9cfa49#2,14c8d3c7-8f2b-5efa-8b2f-6cd98d9cfa49,ru,Cyrl,EMAIL_ADDRESS,михаил.волков39@fastmail.com,"rd for Михаил Волков, Job Title: Financial Advisor, contact михаил.волков39@fastmail.com. [#35d541949e5a70b5-103]",0.0001206,0,stratified,1,1,,
151e51ab-fc56-5ec1-ba6b-d61523b5166d#1,151e51ab-fc56-5ec1-ba6b-d61523b5166d,bn,Beng,IBAN,IT82338014273238844182,"Record for ফাতেমা ইসলাম, IBAN: IT82338014273238844182, contact ফাতেমা.ইসলাম76@protonmail.com. [#9ea49892b436d78-1",0.00065703,0,stratified,1,1,,
1541121c-5a9b-5058-a8a4-8ee9d088caa5#1,1541121c-5a9b-5058-a8a4-8ee9d088caa5,ru,Cyrl,IBAN,IT51065313788607232129,"Record for Татьяна Петров, IBAN: IT51065313788607232129, contact татьяна.петров28@fastmail.com. [#480ef7cb0214cc8d-",0.00065703,0,stratified,1,1,,
15421a1f-201f-51ab-a10a-c8a2c84be352#8,15421a1f-201f-51ab-a10a-c8a2c84be352,en,Latn,PERSON_NAME,Michelle Johnson,"l send the details to steven.wilson@outlook.com. B: Thanks, Michelle Johnson. See you then!",8.375e-05,0,stratified,1,1,,
15efc94e-e7e1-5d9a-a553-82a7008c091d#1,15efc94e-e7e1-5d9a-a553-82a7008c091d,it,Latn,,2026-FAM-7530,"Record for Davide Rossi, Court Case Number: 2026-FAM-7530, contact davide.rossi96@gmail.com. [#7389340cda2abe53-429]",0.0003411,1,stratified,1,1,COURT_CASE_NUMBER,
16a6b213-9e29-5f7c-82e1-4bca42bebe34#0,16a6b213-9e29-5f7c-82e1-4bca42bebe34,nl,Latn,,Anna de Boer,"Record for Anna de Boer, MAC: 3a:ed:a5:17:1c:1f, contact anna.boer20@outlook.com. [",8.375e-05,1,stratified,1,1,PERSON_NAME,
16f94040-ebbe-564a-b9a4-b9da114e3ade#1,16f94040-ebbe-564a-b9a4-b9da114e3ade,en,Latn,PIN,3709,RDING NOTES Date: 2024-09-03 New Account: 3122726648 | PIN: 3709  CUSTOMER INFORMATION: Name: Barbara Martin DOB: 1974-05-11,0.00031029,0,stratified,1,1,,
172474bb-2ab1-5144-94b4-e64b6c194544#0,172474bb-2ab1-5144-94b4-e64b6c194544,ja,Jpan,PERSON_NAME,裕子 加藤,"Record for 裕子 加藤, Bank Account Number: 1466374563, contact 裕子.加藤93@mail.com.",0.00010065,0,stratified,1,1,,
176b5298-2595-5c2b-a2ee-50b8e51c3b7f#3,176b5298-2595-5c2b-a2ee-50b8e51c3b7f,en,Latn,SOCIAL_SECURITY_NUMBER,921-47-2792,"om  Hi,  I need help with my account. I'm Emily Walker, SSN 921-47-2792. There are unauthorized charges on my card 3738 0121 5140 3",0.00011151,0,stratified,1,1,,
17d940f2-d82e-5e87-94d4-72a370f0f147#3,17d940f2-d82e-5e87-94d4-72a370f0f147,es,Latn,PERSON_NAME,Dr. Martínez,"93. In the meeting, Carlos presented findings to the board. Dr. Martínez concluded that action was needed. Email Carlos Martínez at ",8.375e-05,0,stratified,1,1,,
18391431-28c6-542a-acf9-f987ff7d7ea8#2,18391431-28c6-542a-acf9-f987ff7d7ea8,ko,Kore,EMAIL_ADDRESS,도윤.오28@outlook.com,"Record for 도윤 오, CVV: 678, contact 도윤.오28@outlook.com. [#364daa670bd92ca8-1297]",0.00010027,0,stratified,1,1,,
18435d86-8276-53f3-b14a-0ef7192500e8#1,18435d86-8276-53f3-b14a-0ef7192500e8,nl,Latn,ETHNICITY,Hispanic,"Record for Anna Smit, Ethnicity: Hispanic, contact anna.smit57@mail.com. [#a9-ETHN-nl-25]",0.00455581,0,stratified,1,1,,
1884b46e-a9b5-5a0d-aac4-5c5742ef5541#1,1884b46e-a9b5-5a0d-aac4-5c5742ef5541,en,Latn,,RX-90056462,"Record for Paul Perez, Prescription Number: RX-90056462, contact paul.perez50@gmail.com. [#70a27dc81d2addb8-504]",0.00265604,1,stratified,1,1,PRESCRIPTION_NUMBER,
18c69f05-2a11-5059-9f6f-095afcadd398#2,18c69f05-2a11-5059-9f6f-095afcadd398,ar,Arab,,يوسف.الرشيد14@gmail.com,"Record for يوسف الرشيد, Invoice Number: INV-150430, contact يوسف.الرشيد14@gmail.com. [#885b6d670d7d1a1b-383]",0.0001051,1,stratified,1,1,EMAIL_ADDRESS,
18c8c129-f7ed-5cd5-ad17-685f38f14088#1,18c8c129-f7ed-5cd5-ad17-685f38f14088,th,Thai,DRIVER_LICENSE_NUMBER,YP-617499,"Record for พิชิต ปัญญารชุน, Driver License Number: YP-617499, contact พิชิต.ปัญญารชุน15@zoho.com. [#2bc2d865210eb052-501",0.00065703,0,stratified,1,1,,
1afb0a63-628c-549f-9202-12e78e61641a#2,1afb0a63-628c-549f-9202-12e78e61641a,ja,Jpan,EMAIL_ADDRESS,大輔.加藤13@gmail.com,"rd for 大輔 加藤, Insurance Policy Number: POL-2469926, contact 大輔.加藤13@gmail.com. [#baaabc9ec4e6634d-548]",8.747e-05,0,stratified,1,1,,
1b481c87-7acf-5e66-958f-44c25aa664a3#3,1b481c87-7acf-5e66-958f-44c25aa664a3,en,Latn,,Acme Corp,sa Ramirez (MRN: MRN-9523507) Ordered by: Dr. Paul Perez at Acme Corp Test: Chest X-Ray Diagnosis: Essential Hypertension Insuran,0.00011622,1,stratified,1,1,ORGANIZATION_NAME,
1b6b0b4c-2a25-5935-8b9d-6ba9e605d9f4#1,1b6b0b4c-2a25-5935-8b9d-6ba9e605d9f4,en,Latn,DOCKET_NUMBER,2:24-cv-04298-IGW,DEPOSITION OF Jennifer Allen Case No: 2:24-cv-04298-IGW Date: 2025-11-23T14:39:00Z Court Reporter: Certified Shorth,0.00041277,0,stratified,1,1,,
1ca643aa-9ffa-59d8-9773-595425820447#1,1ca643aa-9ffa-59d8-9773-595425820447,es,Latn,DEA_NUMBER,PZ9786469,"Record for Patricia Rivera, DEA: PZ9786469, contact patricia.rivera8@zoho.com. [#8adf46fa5dff8b9d-291]",0.00054368,0,stratified,1,1,,
1cb9b9c0-28ef-5324-9d81-a4f57088abd3#1,1cb9b9c0-28ef-5324-9d81-a4f57088abd3,nl,Latn,COURT_CASE_NUMBER,2025-CIV-2574,"Record for Elisabeth de Boer, Court Case Number: 2025-CIV-2574, contact elisabeth.boer9@hotmail.com. [#753682b38a310f5a-28",0.0003411,0,stratified,1,1,,
1cfeb19d-5d71-5f12-a7b4-96831e3f125a#0,1cfeb19d-5d71-5f12-a7b4-96831e3f125a,ja,Jpan,PERSON_NAME,由美 林,"Record for 由美 林, API key: sk-XhSKgn2M4L1CkFdXDh9oEqbMmOBnfQEx, contact 由美.林",0.00010065,0,stratified,1,1,,
1d067b5a-55da-58c6-97ec-50569b00d699#9,1d067b5a-55da-58c6-97ec-50569b00d699,en,Latn,HEALTH_CONDITION,Generalized Anxiety Disorder,"ing to refer my patient, Richard Johnson, for evaluation of Generalized Anxiety Disorder. Richard Johnson is a 33-year-old who has been under my car",0.00029313,0,stratified,1,1,,
1d8c6c0c-0312-57ff-b460-23f8769c4e6a#1,1d8c6c0c-0312-57ff-b460-23f8769c4e6a,ru,Cyrl,PHONE_NUMBER,+1 (633) 823-7562,"Record for Ирина Петров, Phone Number: +1 (633) 823-7562, contact ирина.петров22@yahoo.com. [#840fa13c808eff2d-273]",0.00076864,0,stratified,1,1,,
1e26fe1d-15c6-521d-a858-c8e88da841ec#0,1e26fe1d-15c6-521d-a858-c8e88da841ec,ru,Cyrl,PERSON_NAME,Ольга Алексеев,"Record for Ольга Алексеев, Employee Id: EMP-65390, contact ольга.алексеев36@gmail.com",0.00011914,0,stratified,1,1,,
1ecbf9e2-717a-5f88-910c-d6398aea9535#7,1ecbf9e2-717a-5f88-910c-d6398aea9535,en,Latn,INVOICE_NUMBER,INV-699801,"poration (IT37702987180887687044), SWIFT: FNFXCHZE Invoice: INV-699801 Contact: +1 (256) 832-3825",0.00029551,0,stratified,1,1,,
2123cabc-cd54-5425-b2b3-0fb54f4c7cb6#2,2123cabc-cd54-5425-b2b3-0fb54f4c7cb6,ru,Cyrl,EMAIL_ADDRESS,мария.сидоров74@gmail.com,"Record for Мария Сидоров, DOB: 1973-11-10, contact мария.сидоров74@gmail.com. [#2a42b9fb52376503-508]",0.0001206,0,stratified,1,1,,
22dbace4-acb7-5bb6-88c0-bc5c365492eb#0,22dbace4-acb7-5bb6-88c0-bc5c365492eb,ko,Kore,PERSON_NAME,채원 신,"Record for 채원 신, IBAN: NL12281182456829581982, contact 채원.신50@outlook.com. ",9.683e-05,0,stratified,1,1,,
24fd6060-5eb6-5a2a-b8d1-7c57a9395147#1,24fd6060-5eb6-5a2a-b8d1-7c57a9395147,es,Latn,TRADE_UNION_MEMBERSHIP,Unite the Union,"Record for Carlos Morales, Trade Union Membership: Unite the Union, contact carlos.morales27@mail.com. [#a9-TRAD-es-23]",0.00840336,0,stratified,1,1,,
2655ad0f-cce8-5e0a-8c73-e2a9be4f6e56#0,2655ad0f-cce8-5e0a-8c73-e2a9be4f6e56,el,Grek,,Σοφία Παπαδόπουλος,"Record for Σοφία Παπαδόπουλος, CVV: 825, contact σοφία.παπαδόπουλος49@hotmail.com. [#240c",0.00012097,1,stratified,1,1,PERSON_NAME,
26b344a0-c92c-5f06-b8fd-f04cd3d735e4#5,26b344a0-c92c-5f06-b8fd-f04cd3d735e4,en,Latn,MEDICATION_NAME,Sertraline 50mg,0-10-07. Dr. Christopher Hill examined Moore and prescribed Sertraline 50mg. Ms. Moore was discharged with instructions to follow up. C,0.00026338,0,stratified,1,1,,
26fb7965-d635-5451-a9ea-852687c54357#1,26fb7965-d635-5451-a9ea-852687c54357,pt,Latn,NPI_NUMBER,1527341422,"Record for Beatriz Alves, NPI: 1527341422, contact beatriz.alves14@icloud.com. [#4980a7b374c9f8fc-171",0.00026327,0,stratified,1,1,,
2707ec27-2819-5b0b-9f08-db7fe8be3e1a#6,2707ec27-2819-5b0b-9f08-db7fe8be3e1a,en,Latn,,Research Scientist,"ocation: 760 Cypress Blvd, Portland, CA 47574  Experience   Research Scientist — Black Mesa Research (2021–present)   Previous role at a s",0.00024701,1,stratified,1,1,JOB_TITLE,
27e0aa67-bdc0-534a-941d-91e1505166b3#1,27e0aa67-bdc0-534a-941d-91e1505166b3,ru,Cyrl,NATIONAL_ID_NUMBER,NID-671742653,"Record for Светлана Смирнов, National Id Number: NID-671742653, contact светлана.смирнов3@aol.com. [#3054e7b023939215-573]",0.00065703,0,stratified,1,1,,
29a439ac-7733-5e24-8a6f-2da72424351e#2,29a439ac-7733-5e24-8a6f-2da72424351e,de,Latn,EMAIL_ADDRESS,petra.richter65@outlook.com," for Petra Richter, Procedure Name: Echocardiogram, contact petra.richter65@outlook.com. [#47a54e27aeacadbe-447]",8.538e-05,0,stratified,1,1,,
29efa3fd-e17f-5433-87ea-aadabf050f1f#1,29efa3fd-e17f-5433-87ea-aadabf050f1f,pt,Latn,,Colonoscopy,"Record for Tiago Santos, Procedure Name: Colonoscopy, contact tiago.santos60@icloud.com. [#fb5eb44df9a41c88-749]",0.00043017,1,stratified,1,1,PROCEDURE_NAME,
2ac6aeda-e34d-5853-aee9-e5102670a6b1#0,2ac6aeda-e34d-5853-aee9-e5102670a6b1,bn,Beng,,শিরিন রহমান,"Record for শিরিন রহমান, Swift Bic Code: AOYXCH9T, contact শিরিন.রহমান60@icloud.com",0.00012088,1,stratified,1,1,PERSON_NAME,
2b3c16c9-45a3-5cc8-8c82-d98ae659068d#6,2b3c16c9-45a3-5cc8-8c82-d98ae659068d,en,Latn,JOB_TITLE,Compliance Officer," Location: 8520 Main St, Georgetown, IN 97747  Experience   Compliance Officer — Dunder Mifflin (2021–present)   Previous role at a simila",0.00024701,0,stratified,1,1,,
2b408070-60e6-500c-9d28-7dc99c8d7634#2,2b408070-60e6-500c-9d28-7dc99c8d7634,he,Hebr,EMAIL_ADDRESS,איתן.גבאי32@icloud.com,"Record for איתן גבאי, Employee Id: EMP-18574, contact איתן.גבאי32@icloud.com. [#433022bc92d79aeb-703]",0.00012131,0,stratified,1,1,,
2b68809f-012f-5d07-92bf-cc8c46f52de1#7,2b68809f-012f-5d07-92bf-cc8c46f52de1,en,Latn,BANK_ACCOUNT_NUMBER,2707481977,"Summarizer] Customer Paul Miller has been verified. Account 2707481977 is active.  [Agent: ResponseDrafter] Dear Paul Miller, your",0.00016722,0,stratified,1,1,,
2d1e1b1d-7f41-502c-9cb3-0e4d25220cb2#0,2d1e1b1d-7f41-502c-9cb3-0e4d25220cb2,ar,Arab,PERSON_NAME,ليلى الرشيد,"Record for ليلى الرشيد, National Id Number: NID-328880967, contact ليلى.الرشيد39@i",9.815e-05,0,stratified,1,1,,
2d86e807-4f35-50a1-a079-5439b6cba0d3#0,2d86e807-4f35-50a1-a079-5439b6cba0d3,ja,Jpan,,誠 山本,"Record for 誠 山本, CVV: 087, contact 誠.山本51@aol.com. [#f04b9a1cf57e8ad-1241]",0.00010065,1,stratified,1,1,PERSON_NAME,
2e68946e-33da-53b4-9c7d-100cbf621071#3,2e68946e-33da-53b4-9c7d-100cbf621071,en,Latn,,4/28/92,028587)  2022-03-28: Initial consultation. Mrs. Perez (DOB: 1992-04-28) presented with early symptoms of Irritable Bowel Syndrome.,0.00014372,1,stratified,1,1,DATE_OF_BIRTH,
2f85aee2-8780-5210-abc4-ec51c8d325ce#1,2f85aee2-8780-5210-abc4-ec51c8d325ce,en,Latn,URL,https://my23.co.uk/u/547759,"Record for George Martin, URL: https://my23.co.uk/u/547759, contact george.martin27@outlook.com. [#232aea1ff68dd294-12",0.00215285,0,stratified,1,1,,
308dfa56-0876-51de-8b0c-fd1b155a38eb#1,308dfa56-0876-51de-8b0c-fd1b155a38eb,ru,Cyrl,,sk-6inJV0gfDSgiGN8X1X1IGjraOk9uDbv7,"Record for Мария Петров, API key: sk-6inJV0gfDSgiGN8X1X1IGjraOk9uDbv7, contact мария.петров35@hotmail.com. [#f232dc90833e20c1-884",0.00065703,1,stratified,1,1,API_KEY,
31501b01-b3a7-5fa9-83fc-894ff322bd89#12,31501b01-b3a7-5fa9-83fc-894ff322bd89,en,Latn,BANK_ACCOUNT_NUMBER,10301496,"rs. Rodriguez,  We need to verify your identity for account 10301496. Please reply with your details.  Regards, Mrs. Wright",0.00016722,0,stratified,1,1,,
3229e532-d84b-5500-bbda-f1e0326b2306#2,3229e532-d84b-5500-bbda-f1e0326b2306,fr,Latn,EMAIL_ADDRESS,nathalie.bernard75@protonmail.com,"alie Bernard, Insurance Policy Number: POL-5408282, contact nathalie.bernard75@protonmail.com. [#5e889d8ac1b42d3a-145]",8.538e-05,0,stratified,1,1,,
324d549e-d6e1-5249-99e7-2ea7c773ef5d#1,324d549e-d6e1-5249-99e7-2ea7c773ef5d,nl,Latn,MAC_ADDRESS,46:1f:08:c2:c3:d2,"Record for Adriana de Boer, MAC: 46:1f:08:c2:c3:d2, contact adriana.boer95@icloud.com. [#393d3de661c8198b-141]",0.00030769,0,stratified,1,1,,
327cf971-1b1e-5501-98ae-4a897624f54b#0,327cf971-1b1e-5501-98ae-4a897624f54b,el,Grek,PERSON_NAME,Παρασκευή Οικονόμου,"Record for Παρασκευή Οικονόμου, CVV: 189, contact παρασκευή.οικονόμου20@fastmail.com. [#24",0.00012097,0,stratified,1,1,,
33451e99-e141-57bf-a593-13b50b862138#1,33451e99-e141-57bf-a593-13b50b862138,th,Thai,,EMP-53026,"Record for อานนท์ รัตนกร, Employee Id: EMP-53026, contact อานนท์.รัตนกร32@outlook.com. [#d3f0085a8ed6fdd8-29",0.00132802,1,stratified,1,1,EMPLOYEE_ID,
33b8feea-b60e-5742-9073-48ce7955a14b#1,33b8feea-b60e-5742-9073-48ce7955a14b,el,Grek,,BAR-526247,"Record for Κωνσταντίνος Αντωνίου, Bar Number: BAR-526247, contact κωνσταντίνος.αντωνίου52@hotmail.com. [#d171c50f050",0.00132802,1,stratified,1,1,BAR_NUMBER,
34f3543c-a19a-5adc-88b3-52d4fbaf9b4f#2,34f3543c-a19a-5adc-88b3-52d4fbaf9b4f,en,Latn,,934-50-6326,me=Jennifer Williams&email=jennifer.williams61@mail.com&ssn=934-50-6326&phone=+1 (353) 874-6363,0.00011151,1,stratified,1,1,SOCIAL_SECURITY_NUMBER,
358413ef-c9a2-5bbd-8cd2-778dd7596492#4,358413ef-c9a2-5bbd-8cd2-778dd7596492,en,Latn,PERSON_NAME,Carol Thomas," No. 2020-CR-6178  Dear Jennifer Lee,  Enclosed please find Carol Thomas's responses to your First Set of Interrogatories and Reques",8.375e-05,0,stratified,1,1,,
35c5f3a0-6887-5238-9265-5cfeaf2a7390#1,35c5f3a0-6887-5238-9265-5cfeaf2a7390,de,Latn,,MRN-7863089,Patient Petra Braun (MRN: MRN-7863089) was admitted on 1964-07-05. Dr. Ursula Hoffmann examined B,0.00019533,1,stratified,1,1,MEDICAL_RECORD_NUMBER,
360e867f-02cf-55a1-a0ad-58cc2ee03651#1,360e867f-02cf-55a1-a0ad-58cc2ee03651,bn,Beng,,EMP-68922,Employee Paul Jackson (ID: EMP-68922) works at Hooli. Contact Paul Jackson at paul.jackson24@zoh,0.00132802,1,stratified,1,1,EMPLOYEE_ID,
36201185-5e46-5782-b96b-6c5321c76f0e#10,36201185-5e46-5782-b96b-6c5321c76f0e,en,Latn,HEALTH_INSURANCE_ID,INS-316466503,Timothy at +1 (731) 587-8522 if symptoms worsen. Insurance: INS-316466503,0.00027964,0,stratified,1,1,,
36745591-8878-5580-9734-8b67fc2b2f8e#2,36745591-8878-5580-9734-8b67fc2b2f8e,en,Latn,PHONE_NUMBER,+1 (961) 614-6469," document: Patient Timothy Robinson, SSN 625-34-7436, Phone +1 (961) 614-6469, Email timothy.robinson15@icloud.com",9.813e-05,0,stratified,1,1,,
372c1f15-1558-599c-813a-5c110aff964c#0,372c1f15-1558-599c-813a-5c110aff964c,zh,Hans,PERSON_NAME,秀英 赵,"Record for 秀英 赵, Procedure Name: Colonoscopy, contact 秀英.赵73@yahoo.com. [#f",0.00010445,0,stratified,1,1,,
3741d557-5416-55b5-9461-de8639814b0b#1,3741d557-5416-55b5-9461-de8639814b0b,en,Latn,,QmVhcmVyIDc4YjliMjA3M2VmZmZkYTVjMzYzZmU4Y2QyOTkxYzEyNDMyYmY3ODE=,"Record for Joseph Anderson, Authentication Token: QmVhcmVyIDc4YjliMjA3M2VmZmZkYTVjMzYzZmU4Y2QyOTkxYzEyNDMyYmY3ODE=, contact joseph.anderson39@protonmail.com. [#7ec100105aec44",0.00082237,1,stratified,1,1,AUTHENTICATION_TOKEN,
38088be3-2a67-535f-8d59-4ccc5c0a8bcc#12,38088be3-2a67-535f-8d59-4ccc5c0a8bcc,en,Latn,TIMESTAMP,2025-03-21T03:10:00Z, 126.28.100.139. Session: dba9ed06c0ae19ecdfadd1e3f647f50c [2025-03-21T03:10:00Z] Carol Young logged in from 109.46.90.34. Session: 95af2eb1,0.00014064,0,stratified,1,1,,
38cafcf7-ea21-5fe6-800a-96ca109b9bc0#1,38cafcf7-ea21-5fe6-800a-96ca109b9bc0,th,Thai,,9Dz9LwZb,"Record for สมศักดิ์ ศิริพงศ์, Password: 9Dz9LwZb, contact สมศักดิ์.ศิริพงศ์99@gmail.com. [#ae80578743d47d22-",0.00065703,1,stratified,1,1,PASSWORD,
39296a7f-f8c1-57a8-8fc4-5b95f87cc079#1,39296a7f-f8c1-57a8-8fc4-5b95f87cc079,th,Thai,INSURANCE_POLICY_NUMBER,POL-4769001,"Record for รัตนา จิรายุ, Insurance Policy Number: POL-4769001, contact รัตนา.จิรายุ84@yahoo.com. [#6f6f25dfb60caaaf-1345]",0.00065703,0,stratified,1,1,,
397ab694-5d90-52c1-8b9d-6de59e18fabe#6,397ab694-5d90-52c1-8b9d-6de59e18fabe,en,Latn,JOB_TITLE,Operations Manager," Location: 7154 Spruce Ave, Clinton, AZ 98405  Experience   Operations Manager — Wayne Enterprises (2021–present)   Previous role at a sim",0.00024701,0,stratified,1,1,,
399ef820-58a6-5fcb-a204-6ba64949dd42#0,399ef820-58a6-5fcb-a204-6ba64949dd42,th,Thai,PERSON_NAME,สมศักดิ์ เจริญผล,"Record for สมศักดิ์ เจริญผล, Medical Record Number: MRN-7220231, contact สมศักดิ์.เจริญ",0.00012123,0,stratified,1,1,,
3a6dbd28-636f-514c-ba23-365db8ef7873#0,3a6dbd28-636f-514c-ba23-365db8ef7873,th,Thai,PERSON_NAME,กัญญา รัตนกร,"Record for กัญญา รัตนกร, Bank Routing Number: 136193295, contact กัญญา.รัตนกร46@icl",0.00012123,0,stratified,1,1,,
3a74315e-7977-582f-9c44-3d08f65e2613#0,3a74315e-7977-582f-9c44-3d08f65e2613,es,Latn,,José García,"Record for José García, Bar Number: BAR-630127, contact josé.garcía36@hotmail.com.",8.375e-05,1,stratified,1,1,PERSON_NAME,
3b17e412-16c7-5b5f-bf04-79a85ebce46d#0,3b17e412-16c7-5b5f-bf04-79a85ebce46d,nl,Latn,PERSON_NAME,Johannes de Groot,"Record for Johannes de Groot, Docket Number: 2025-8366-AA, contact johannes.groot44@zoho",8.375e-05,0,stratified,1,1,,
3b548e18-3f64-54da-816c-ea6d0fb2a9e1#1,3b548e18-3f64-54da-816c-ea6d0fb2a9e1,he,Hebr,,PKXVJPS9,"Record for רבקה שפירא, Swift Bic Code: PKXVJPS9, contact רבקה.שפירא44@yahoo.com. [#3219d574836340b-586]",0.00065703,1,stratified,1,1,SWIFT_BIC_CODE,
3bb4e3a8-2e16-5d4d-83f6-0f415ed7d838#1,3bb4e3a8-2e16-5d4d-83f6-0f415ed7d838,he,Hebr,,RB-912615,"Record for מרים אברהם, Driver License Number: RB-912615, contact מרים.אברהם65@mail.com. [#55d09ce835e22c65-716]",0.00065703,1,stratified,1,1,DRIVER_LICENSE_NUMBER,
3bec2c9c-6038-5d31-96e5-760872445bb4#1,3bec2c9c-6038-5d31-96e5-760872445bb4,nl,Latn,NATIONAL_ID_NUMBER,NID-808774739,"Record for Gerrit de Groot, National Id Number: NID-808774739, contact gerrit.groot22@mail.com. [#368543c922d95dc5-1476]",0.000262,0,stratified,1,1,,
3c3b6f23-a2e6-55e1-a9c3-3cf7f7cab91a#1,3c3b6f23-a2e6-55e1-a9c3-3cf7f7cab91a,th,Thai,PASSPORT_NUMBER,T45356537,"Record for ขวัญชัย แก้วกล้า, Passport Number: T45356537, contact ขวัญชัย.แก้วกล้า48@gmail.com. [#7c64eb94556e1208-1",0.00065703,0,stratified,1,1,,
3d396c5b-ff0b-58a8-859f-fea1a521fd28#2,3d396c5b-ff0b-58a8-859f-fea1a521fd28,zh,Hans,EMAIL_ADDRESS,强.朱14@fastmail.com,"Record for 强 朱, IBAN: NL70005963259018994941, contact 强.朱14@fastmail.com. [#a2866ed3e87aa917-1233]",8.445e-05,0,stratified,1,1,,
3d6adee3-c68d-5136-a8c0-71f2a16905ec#5,3d6adee3-c68d-5136-a8c0-71f2a16905ec,fr,Latn,SWIFT_BIC_CODE,LGRHCHMZ,"To: Black Mesa Research IBAN: FR59252246445230383560 SWIFT: LGRHCHMZ Amount: $118,000 Ref: INV-731284 Date: 2021-08-06T12:32:00Z",0.00029553,0,stratified,1,1,,
3f0fa848-6b2e-56bf-a383-e4a789829f07#1,3f0fa848-6b2e-56bf-a383-e4a789829f07,en,Latn,GENDER,Male,"Resident: Brian Thomas, 61919. Gender: Male. DOB: 1962-06-19. Education: PhD. Job: Business Analyst. Ma",0.00404858,0,stratified,1,1,,
40104e97-fc20-5ee2-a7df-75d5bf9ae894#1,40104e97-fc20-5ee2-a7df-75d5bf9ae894,nl,Latn,MEDICAL_RECORD_NUMBER,MRN-4325943,"Record for Gerrit Mulder, Medical Record Number: MRN-4325943, contact gerrit.mulder23@outlook.com. [#e76e567244cac15d-38",0.00019533,0,stratified,1,1,,
405b8cf5-82d0-512c-b08e-3bc9b7a60731#1,405b8cf5-82d0-512c-b08e-3bc9b7a60731,en,Latn,URL,https://site950.net/u/980975,"Record for William Walker, URL: https://site950.net/u/980975, contact william.walker9@fastmail.com. [#232aea1ff68dd294-2",0.00215285,0,stratified,1,1,,
41058e35-ccef-56b0-9459-e629430703b2#0,41058e35-ccef-56b0-9459-e629430703b2,ar,Arab,,Omar Khalil,"Employee record: Omar Khalil, email: omar.khalil26@yahoo.com, phone: +1 (726) 682-7038. ",9.815e-05,1,stratified,1,1,PERSON_NAME,
41522a19-cbec-5f07-b560-b7ffa4ab90c4#1,41522a19-cbec-5f07-b560-b7ffa4ab90c4,de,Latn,BAR_NUMBER,BAR-436768,"Record for Martina Koch, Bar Number: BAR-436768, contact martina.koch93@zoho.com. [#28fcfc61a2da5236-574]",0.00036284,0,stratified,1,1,,
41b14b32-e1d0-5347-b7d5-6c5f133d5fa1#1,41b14b32-e1d0-5347-b7d5-6c5f133d5fa1,en,Latn,DEVICE_IDENTIFIER,37​66531243​59281,"Record for Daniel Allen, Device Identifier: 37​66531243​59281, contact daniel.allen71@yahoo.com. [#997cb38d1c9ea167-680]",0.00082338,0,stratified,1,1,,
4256aa4f-d584-5353-9bb7-e1086f818f30#1,4256aa4f-d584-5353-9bb7-e1086f818f30,en,Latn,,JBKY4B1W5TW7W1P8U,"Record for Kevin Johnson, Vehicle Identification Number: JBKY4B1W5TW7W1P8U, contact kevin.johnson23@fastmail.com. [#c35b49b045965af4-4",0.00265604,1,stratified,1,1,VEHICLE_IDENTIFICATION_NUMBER,
42628f7b-38b7-5d2b-a4b4-cafa9d1b741a#8,42628f7b-38b7-5d2b-a4b4-cafa9d1b741a,en,Latn,PERSON_NAME,Karen Taylor,"rty. Estimated damages: $33,000.  ADJUSTER NOTES: Contacted Karen Taylor at +1 (600) 617-9594 to schedule inspection. Documentation ",8.375e-05,0,stratified,1,1,,
4295edd0-f701-5def-b3d3-104b80be1aa5#1,4295edd0-f701-5def-b3d3-104b80be1aa5,el,Grek,INSURANCE_POLICY_NUMBER,POL-1239305,"Record for Αναστασία Νικολάου, Insurance Policy Number: POL-1239305, contact αναστασία.νικολάου56@yahoo.com. [#e785975e4ddea321",0.00065703,0,stratified,1,1,,
435d65e8-b661-53d4-aebc-c28897271643#1,435d65e8-b661-53d4-aebc-c28897271643,en,Latn,DATE_OF_BIRTH,3/27/03,"Patient Robert Lee (DOB: 2003-03-27, MRN: MRN-1001538) was first diagnosed with Major Depressiv",0.00014372,0,stratified,1,1,,
445f6fe4-1466-5a69-943c-e6818dfb6b41#1,445f6fe4-1466-5a69-943c-e6818dfb6b41,it,Latn,PASSPORT_NUMBER,O57849790,"Record for Anna Ferrari, Passport Number: O57849790, contact anna.ferrari51@hotmail.com. [#73d3d29f3816625d-123",0.00021634,0,stratified,1,1,,
44a56e15-ed09-5e06-aa5e-90416fe851a9#2,44a56e15-ed09-5e06-aa5e-90416fe851a9,it,Latn,EMAIL_ADDRESS,lorenzo.marino81@hotmail.com,"rino, API key: sk-40tSgTJbvHeHSq8h0nreWdHqvouiOAWE, contact lorenzo.marino81@hotmail.com. [#164551ef4e300d6f-1252]",8.538e-05,0,stratified,1,1,,
44c2afc2-fe64-5e59-82ac-fc59415bd2bd#7,44c2afc2-fe64-5e59-82ac-fc59415bd2bd,en,Latn,LICENSE_PLATE,OQU-3420,"om Owner phone: +1 (820) 540-5460 License plate (geofence): OQU-3420 Home address: 9720 Oak Street, Oakland, CA 39420",0.00045133,0,stratified,1,1,,
44ce0cfe-5493-5920-a635-6b0426f60aac#5,44ce0cfe-5493-5920-a635-6b0426f60aac,fr,Latn,,Mme Fontaine,"ine, alors que florence.fontaine39@laposte.net correspond a Mme Fontaine. Telephones: +1 (739) 773-8007 pour Fontaine et +1 (439) 27",8.375e-05,1,stratified,1,1,PERSON_NAME,
4568344a-135c-5a16-92e2-efa8c29d548f#2,4568344a-135c-5a16-92e2-efa8c29d548f,nl,Latn,EMAIL_ADDRESS,adriana.visser20@mail.com,"Record for Adriana Visser, Password: 3BphFusFKBI, contact adriana.visser20@mail.com. [#1343bd074f21c7da-1089]",8.538e-05,0,stratified,1,1,,
4570ace8-24fe-5c73-a884-c1ff08e967a3#1,4570ace8-24fe-5c73-a884-c1ff08e967a3,de,Latn,INVOICE_NUMBER,INV-931396,"Record for Heike Schneider, Invoice Number: INV-931396, contact heike.schneider81@outlook.com. [#4d333fe3d45782-57",0.00029551,0,stratified,1,1,,
461b3238-565c-5cdf-b6de-d8bc26f78780#0,461b3238-565c-5cdf-b6de-d8bc26f78780,en,Latn,PERSON_NAME,Gary Jones,Gary Jones submitted the quarterly report on 2025-04-01. The report co,8.375e-05,0,stratified,1,1,,
46811045-e49e-5b96-a2ea-41bd58a80b62#1,46811045-e49e-5b96-a2ea-41bd58a80b62,fr,Latn,GENETIC_DATA,MTHFR C677T heterozygous,"Record for Catherine Durand, Genetic Data: MTHFR C677T heterozygous, contact catherine.durand66@outlook.com. [#a9-GENE-fr-24]",0.00840336,0,stratified,1,1,,
46c47027-cfa7-5f59-a4ff-91cd29939d82#0,46c47027-cfa7-5f59-a4ff-91cd29939d82,zh,Hans,,秀英 孙,"Record for 秀英 孙, Tax Id: 27-8751384, contact 秀英.孙40@aol.com. [#87d1e8fac6d6",0.00010445,1,stratified,1,1,PERSON_NAME,
471c36ab-4d09-5137-814f-359e6895f920#1,471c36ab-4d09-5137-814f-359e6895f920,ru,Cyrl,,POL-6462392,"Record for Иван Федоров, Insurance Policy Number: POL-6462392, contact иван.федоров74@aol.com. [#5d0a1bc9795af6e6-129]",0.00065703,1,stratified,1,1,INSURANCE_POLICY_NUMBER,
47355549-55e8-5db5-93a2-ae605101232e#0,47355549-55e8-5db5-93a2-ae605101232e,zh,Hans,PERSON_NAME,伟 杨,"Record for 伟 杨, Insurance Policy Number: POL-3610905, contact 伟.杨10@mail.c",0.00010445,0,stratified,1,1,,
473fa6ad-c2e5-546d-bd20-8f02c9402fa9#2,473fa6ad-c2e5-546d-bd20-8f02c9402fa9,ar,Arab,EMAIL_ADDRESS,فاطمة.الأحمد21@gmail.com,"Record for فاطمة الأحمد, License Plate: KMQ-1433, contact فاطمة.الأحمد21@gmail.com. [#6df5120675ef3737-63]",0.0001051,0,stratified,1,1,,
4791291d-4d4d-57f1-b309-070a01ddc824#2,4791291d-4d4d-57f1-b309-070a01ddc824,nl,Latn,EMAIL_ADDRESS,johanna.visser92@gmail.com,"ord for Johanna Visser, Passport Number: Z30069639, contact johanna.visser92@gmail.com. [#9300860486f232f-1023]",8.538e-05,0,stratified,1,1,,
47a66732-8912-5225-87a2-75408c72b024#4,47a66732-8912-5225-87a2-75408c72b024,en,Latn,STREET_ADDRESS,"6478 Hawthorn Circle, Georgetown, NC 36178","don.ramirez78@protonmail.com,178-88-9178,+1 (778) 246-8314,""6478 Hawthorn Circle, Georgetown, NC 36178"",2003-07-27 Samuel Collins,samuel.collins78@protonmail.com,",0.00012576,0,stratified,1,1,,
4830b08e-27dd-5244-ada6-80b833276f3a#1,4830b08e-27dd-5244-ada6-80b833276f3a,ru,Cyrl,STREET_ADDRESS,"6688 Redwood Ave, Franklin, KY 65237","Record for Михаил Алексеев, Street Address: 6688 Redwood Ave, Franklin, KY 65237, contact михаил.алексеев62@outlook.com. [#f8e2425e7792b04b-",0.00114025,0,stratified,1,1,,
4908bfb4-9bc6-5cb9-92a6-d45423179345#8,4908bfb4-9bc6-5cb9-92a6-d45423179345,en,Latn,,Congestive Heart Failure,"arris presented on 2026-07-19 with symptoms consistent with Congestive Heart Failure. After examination and diagnostic workup, MRI Brain was per",0.00029313,1,stratified,1,1,HEALTH_CONDITION,
4944c73a-d3e7-5128-800e-bfc8281dba78#0,4944c73a-d3e7-5128-800e-bfc8281dba78,hi,Deva,PERSON_NAME,Sanjay Rao,"Record for Sanjay Rao, Passport Number: H17144269, contact sanjay.rao20@protonmai",9.796e-05,0,stratified,1,1,,
495ff07e-5cb1-5134-8968-ec1364facb30#0,495ff07e-5cb1-5134-8968-ec1364facb30,en,Latn,,Anthony Miller,"Patient Anthony Miller (MRN: MRN-1002904, DOB: 1994-01-21) presents with Hypothyro",8.375e-05,1,stratified,1,1,PERSON_NAME,
4b4e26f9-9aaf-5024-ad6b-f9be851ba7d3#0,4b4e26f9-9aaf-5024-ad6b-f9be851ba7d3,bn,Beng,PERSON_NAME,রুমা ইসলাম,"Record for রুমা ইসলাম, IBAN: ES17976558730130572835, contact রুমা.ইসলাম36@hotmail",0.00012088,0,stratified,1,1,,
4b755403-0a7d-5ba1-aa1f-314ae5565234#1,4b755403-0a7d-5ba1-aa1f-314ae5565234,fr,Latn,IBAN,IT54669602076337652282,"Record for Christine Laurent, IBAN: IT54669602076337652282, contact christine.laurent40@zoho.com. [#28ce25988599484a-8",0.00024825,0,stratified,1,1,,
4b79fa7c-712a-50ab-b49b-fe938997f4f4#0,4b79fa7c-712a-50ab-b49b-fe938997f4f4,en,Latn,USERNAME,alexandermurphy478,"config = {     ""db_user"": ""alexandermurphy478"",     ""admin_email"": ""alexander.murphy78@protonmail.com"",  ",0.00028891,0,stratified,1,1,,
4b9e56f7-72ef-574d-b392-fc3b21edb492#1,4b9e56f7-72ef-574d-b392-fc3b21edb492,nl,Latn,PROCEDURE_NAME,Echocardiogram,"Record for Catharina Bakker, Procedure Name: Echocardiogram, contact catharina.bakker82@hotmail.com. [#83c8558899b9fec2",0.00043017,0,stratified,1,1,,
4bbb9b62-4609-5079-b26a-54b31e5a6e73#10,4bbb9b62-4609-5079-b26a-54b31e5a6e73,en,Latn,STREET_ADDRESS,"6000 Oak Street, Oakland, CA 25800",":   Eric Morgan, Esq.   Bar License: DL-S25800-00   Office: 6000 Oak Street, Oakland, CA 25800   Phone: +1 (800) 400-8400 | Email: eric.morgan0@gmail.com ",0.00012576,0,stratified,1,1,,
4c456833-93a3-5e96-bda5-8ca08404bcb0#0,4c456833-93a3-5e96-bda5-8ca08404bcb0,th,Thai,,พิชิต ชาญณรงค์,"Record for พิชิต ชาญณรงค์, CVV: 017, contact พิชิต.ชาญณรงค์87@zoho.com. [#46a1b11ed7c",0.00012123,1,stratified,1,1,PERSON_NAME,
4cc354e4-743b-5ead-b60b-611c7fa90c0b#0,4cc354e4-743b-5ead-b60b-611c7fa90c0b,de,Latn,PERSON_NAME,Andreas Schulz,"Record for Andreas Schulz, Swift Bic Code: WVMXUS0E, contact andreas.schulz29@protonm",8.375e-05,0,stratified,1,1,,
4d4a4183-cf9e-5790-b427-47929582fe21#1,4d4a4183-cf9e-5790-b427-47929582fe21,ru,Cyrl,TAX_ID,13-1015220,"Record for Сергей Морозов, Tax Id: 13-1015220, contact сергей.морозов42@protonmail.com. [#d0005fc6665f6f8",0.00065703,0,stratified,1,1,,
4d79e2e2-a6cb-50db-abc3-5b991d438053#1,4d79e2e2-a6cb-50db-abc3-5b991d438053,nl,Latn,POLITICAL_OPINION,Independent,"Record for Margaretha Bakker, Political Opinion: Independent, contact margaretha.bakker25@gmail.com. [#a9-POLI-nl-15]",0.00456621,0,stratified,1,1,,
4db1724b-4492-5cf5-ab63-60834573ffea#1,4db1724b-4492-5cf5-ab63-60834573ffea,he,Hebr,COURT_CASE_NUMBER,2024-CV-9346,"Record for לאה שפירא, Court Case Number: 2024-CV-9346, contact לאה.שפירא62@yahoo.com. [#bd1ab4a0eaaa9a3-321]",0.00132802,0,stratified,1,1,,
4e6ef45f-498f-534e-9a35-4e0345ffe892#8,4e6ef45f-498f-534e-9a35-4e0345ffe892,en,Latn,PERSON_NAME,Melissa Lopez,ith Acme Corp forever and this is how you treat customers?  Melissa Lopez,8.375e-05,0,stratified,1,1,,
4e7d5ac3-e3af-5f1b-83c6-d9749965a332#2,4e7d5ac3-e3af-5f1b-83c6-d9749965a332,en,Latn,EMAIL_ADDRESS,kenneth.wright29@gmail.com,"ht, API key: sk-nu3h9OWwarUH1oc​ndP​6G3QKErF6wu8Gv, contact kenneth.wright29@gmail.com. [#1866e92839391337-442]",8.538e-05,0,stratified,1,1,,
4ea009f0-1f0b-50d7-b6c4-be2a7a910e72#23,4ea009f0-1f0b-50d7-b6c4-be2a7a910e72,en,Latn,EMPLOYEE_ID,EMP-24840,  Phone: +1 (615) 705-4595  CFO: Eric Garcia   Employee ID: EMP-24840   Email: egarcia@aperturescience.com   Phone: +1 (640) 880-,0.00019942,0,stratified,1,1,,
4f4ec6a2-4190-5d8e-bc7d-46902e6ad581#1,4f4ec6a2-4190-5d8e-bc7d-46902e6ad581,pt,Latn,INSURANCE_POLICY_NUMBER,POL-9108505,"Record for Carolina Martins, Insurance Policy Number: POL-9108505, contact carolina.martins76@icloud.com. [#5283114abd782722-",0.00028345,0,stratified,1,1,,
506cae3b-3a46-5212-9c3c-bf8f7c5c2219#1,506cae3b-3a46-5212-9c3c-bf8f7c5c2219,de,Latn,INVOICE_NUMBER,INV-650073,"Record for Heike Wolf, Invoice Number: INV-650073, contact heike.wolf8@zoho.com. [#4d333fe3d45782-563]",0.00029551,0,stratified,1,1,,
50bafadd-7517-5616-8a0b-aa7451f333ec#5,50bafadd-7517-5616-8a0b-aa7451f333ec,en,Latn,STREET_ADDRESS,"8062 Elm Boulevard, Milford, NY 37762"," LLC (EMP: EMP-37762) 2024-02-01: Rent payment $1,850.00 to 8062 Elm Boulevard, Milford, NY 37762 2024-03-15: Direct deposit — SSN verified: 862-52-1762 2024",0.00012576,0,stratified,1,1,,
514de17f-9b4f-56f8-a419-9d5c469366bf#1,514de17f-9b4f-56f8-a419-9d5c469366bf,bn,Beng,,NI3037269,"Record for নুসরাত মণ্ডল, DEA: NI3037269, contact নুসরাত.মণ্ডল46@outlook.com. [#6d69b9360f1ed5fb-497",0.00132802,1,stratified,1,1,DEA_NUMBER,
517c27d2-2399-540d-a07d-1125175b64a7#1,517c27d2-2399-540d-a07d-1125175b64a7,el,Grek,NATIONAL_ID_NUMBER,NID-302857371,"Record for Ελένη Αντωνίου, National Id Number: NID-302857371, contact ελένη.αντωνίου48@protonmail.com. [#bf75ece0b85c459",0.00065703,0,stratified,1,1,,
521703b8-e499-51e4-becc-775918442299#1,521703b8-e499-51e4-becc-775918442299,fr,Latn,,5349,"Record for Catherine Laurent, PIN: 5349, contact catherine.laurent41@hotmail.com. [#6fe74e40d1bdb38",0.00031029,1,stratified,1,1,PIN,
52665a34-f8f4-58ec-b9ab-a0d9b395082f#0,52665a34-f8f4-58ec-b9ab-a0d9b395082f,de,Latn,PERSON_NAME,Andreas Becker,Applicant Andreas Becker applied for position at Massive Dynamic. Andreas has Data A,8.375e-05,0,stratified,1,1,,
52823b1e-c8bc-5239-8e55-a9690a6dd0d7#0,52823b1e-c8bc-5239-8e55-a9690a6dd0d7,ru,Cyrl,PERSON_NAME,Михаил Попов,"Record for Михаил Попов, Phone Number: +1 (488) 332-3784, contact михаил.попов44@gm",0.00011914,0,stratified,1,1,,
53919bc6-a592-5b1d-930d-36339aece3fc#0,53919bc6-a592-5b1d-930d-36339aece3fc,en,Latn,MARITAL_STATUS,Married,Record shows Married. Works for Acme Corp. Record shows Male. Record shows 12345,0.004329,0,stratified,1,1,,
539992d4-b01a-57fc-9c50-28dfcf1aed04#1,539992d4-b01a-57fc-9c50-28dfcf1aed04,th,Thai,BANK_ROUTING_NUMBER,172744637,"Record for ประยุทธ์ ปัญญารชุน, Bank Routing Number: 172744637, contact ประยุทธ์.ปัญญารชุน45@protonmail.com. [#525be997931",0.00065703,0,stratified,1,1,,
547032fd-e3b1-5ecf-bc8d-ba91c7d1eb5c#10,547032fd-e3b1-5ecf-bc8d-ba91c7d1eb5c,en,Latn,PERSON_NAME,Mark Sanchez,"walker62@fastmail.com.  Q: Mary, do you know the plaintiff, Mark Sanchez? A: Yes, I worked with Mark Sanchez at LexCorp for approxim",8.375e-05,0,stratified,1,1,,
549c86ef-0928-556d-bf02-0593bbf999a2#1,549c86ef-0928-556d-bf02-0593bbf999a2,bn,Beng,PIN,1183,"Record for আরিফ আক্তার, PIN: 1183, contact আরিফ.আক্তার34@protonmail.com. [#cdf0a9db3b2028d4-9",0.00065703,0,stratified,1,1,,
5562dc42-2435-517e-bd7d-1cb4b4fb2aa9#0,5562dc42-2435-517e-bd7d-1cb4b4fb2aa9,en,Latn,EDUCATION_LEVEL,Bachelor's Degree in Computer Science,Record shows Bachelor's Degree in Computer Science. Record shows 32. Record shows AEBE52E7-03EE-455A-B3C4-E572,0.00426439,0,stratified,1,1,,
566bb81c-f47e-59eb-8426-2e26b827dcd2#1,566bb81c-f47e-59eb-8426-2e26b827dcd2,he,Hebr,,sk-WE3YFf5zFZt2sOhyYO1J3DQn7idnAnWd,"Record for תמר כץ, API key: sk-WE3YFf5zFZt2sOhyYO1J3DQn7idnAnWd, contact תמר.כץ28@icloud.com. [#ccd43efd5180dbbf-645]",0.00065703,1,stratified,1,1,API_KEY,
569c2dcb-1fa8-5c50-a6d3-4e788650f143#1,569c2dcb-1fa8-5c50-a6d3-4e788650f143,ru,Cyrl,CVV,886,"Record for Сергей Козлов, CVV: 886, contact сергей.козлов62@hotmail.com. [#bdf6055ca3083276-84",0.00065703,0,stratified,1,1,,
5851595d-7319-5ab1-9d1a-94f25b11582b#1,5851595d-7319-5ab1-9d1a-94f25b11582b,en,Latn,NATIONALITY,American,Record shows Type 2 Diabetes Mellitus. Record shows American. Record shows 1A1zP1eP5QGefi2DMPTfTL5SLmv7DivfNa. Record sh,0.01,0,stratified,1,1,,
58a3fe75-d7a5-5e2a-a11e-51ac6bd36cb5#1,58a3fe75-d7a5-5e2a-a11e-51ac6bd36cb5,fr,Latn,PROCEDURE_NAME,Bone Density Scan,"Record for Nathalie Thomas, Procedure Name: Bone Density Scan, contact nathalie.thomas56@yahoo.com. [#8f4490633fc0be03-33",0.00043017,0,stratified,1,1,,
58a75dff-1d43-59ff-8b16-82fabcb5c30b#2,58a75dff-1d43-59ff-8b16-82fabcb5c30b,ru,Cyrl,EMAIL_ADDRESS,мария.козлов78@protonmail.com,"ord for Мария Козлов, IBAN: GB49494243692774921110, contact мария.козлов78@protonmail.com. [#480ef7cb0214cc8d-1448]",0.0001206,0,stratified,1,1,,
58ec0f1b-3a53-54cb-a9cd-a397034f85aa#0,58ec0f1b-3a53-54cb-a9cd-a397034f85aa,it,Latn,PERSON_NAME,Sara Conti,"Record for Sara Conti, Tax Id: 44-1824646, contact sara.conti23@gmail.com. [#1981",8.375e-05,0,stratified,1,1,,
5907e143-3154-592f-af6c-46db595a84d8#0,5907e143-3154-592f-af6c-46db595a84d8,th,Thai,PERSON_NAME,ณัฐยา เจริญผล,"Record for ณัฐยา เจริญผล, CVV: 188, contact ณัฐยา.เจริญผล80@hotmail.com. [#46a1b11ed",0.00012123,0,stratified,1,1,,
59e63c20-1f7c-5c84-a15c-0b5392f81f0a#4,59e63c20-1f7c-5c84-a15c-0b5392f81f0a,fr,Latn,,"2648 Spruce Circle, Salem, NC 32348","m, telephone: +1 (948) 636-3524. NSS: 848-38-5348. Adresse: 2648 Spruce Circle, Salem, NC 32348. Entreprise: Oscorp Technologies. Sample config field api_k",0.00012576,1,stratified,1,1,STREET_ADDRESS,
5aa1a1fb-4174-5817-984f-f0f4bc849109#0,5aa1a1fb-4174-5817-984f-f0f4bc849109,he,Hebr,PERSON_NAME,משה גבאי,"Record for משה גבאי, Driver License Number: HI-578334, contact משה.גבאי29@hotma",0.00012089,0,stratified,1,1,,
5adab8b5-5563-55a3-a126-66d54337d45b#1,5adab8b5-5563-55a3-a126-66d54337d45b,el,Grek,EMPLOYEE_ID,EMP-63461,"Record for Δήμητρα Βασιλείου, Employee Id: EMP-63461, contact δήμητρα.βασιλείου46@protonmail.com. [#81fb81879544",0.00132802,0,stratified,1,1,,
5c837006-b0c0-5e15-a147-b9d9dfe6dfc1#1,5c837006-b0c0-5e15-a147-b9d9dfe6dfc1,de,Latn,,MHT-6432,"Record for Klaus Weber, License Plate: MHT-6432, contact klaus.weber27@aol.com. [#bec54ea0054eb343-104]",0.00045133,1,stratified,1,1,LICENSE_PLATE,
5ca9819e-0666-56ba-bda2-aaa7a67077e5#1,5ca9819e-0666-56ba-bda2-aaa7a67077e5,en,Latn,,VjIxNjc1MzA2,"Record for Susan Wright, Visa Number: VjIxNjc1MzA2, contact susan.wright44@aol.com. [#14c85e9aafffcf28-63]",0.00082474,1,stratified,1,1,VISA_NUMBER,
5cb9cfef-e527-53c5-a2a7-9d464f3fa76a#1,5cb9cfef-e527-53c5-a2a7-9d464f3fa76a,de,Latn,,POL-2429012,"Record for Martina Meyer, Insurance Policy Number: POL-2429012, contact martina.meyer66@gmail.com. [#e58ff0ac5e2a4018-66]",0.00028345,1,stratified,1,1,INSURANCE_POLICY_NUMBER,
5cd0d506-89d4-5426-8b52-a9b60b3b489d#1,5cd0d506-89d4-5426-8b52-a9b60b3b489d,ru,Cyrl,BANK_ROUTING_NUMBER,835422556,"Record for Дмитрий Иванов, Bank Routing Number: 835422556, contact дмитрий.иванов60@icloud.com. [#3e336518c97a013a-58",0.00065703,0,stratified,1,1,,
5d797542-433e-5604-8bb1-b4a014ae9b3b#10,5d797542-433e-5604-8bb1-b4a014ae9b3b,en,Latn,,+1 (292) 844-6196,r-end statement sent to larry.martinez92@yahoo.com Contact: +1 (292) 844-6196 | Notifications: lmartinez@vandelayindustries.com,9.813e-05,1,stratified,1,1,PHONE_NUMBER,
5de5fc5d-fe0c-59b8-aba0-26e9f4b29d68#0,5de5fc5d-fe0c-59b8-aba0-26e9f4b29d68,ko,Kore,PERSON_NAME,민준 한,"Record for 민준 한, PIN: 1093, contact 민준.한21@yahoo.com. [#60dbc4370f52ced0-55",9.683e-05,0,stratified,1,1,,
5e60e9cd-6511-54f8-b8ec-40062a6114a4#1,5e60e9cd-6511-54f8-b8ec-40062a6114a4,fr,Latn,SEXUAL_ORIENTATION,lesbian,"Record for Nathalie Richard, Sexual Orientation: lesbian, contact nathalie.richard63@gmail.com. [#a9-SEXU-fr-30]",0.00840336,0,stratified,1,1,,
5ee02a57-748b-5f50-ae34-73d18956134a#5,5ee02a57-748b-5f50-ae34-73d18956134a,en,Latn,,"4916 Willow Dr, Arlington, GA 33916","me: Joseph Hill DOB: 2004-06-11 | SSN: 833-60-4418 Address: 4916 Willow Dr, Arlington, GA 33916 Phone: +1 (289) 232-8518 | Email: joseph.hill83@aol.com  ID",0.00012576,1,stratified,1,1,STREET_ADDRESS,
5ef5d4e6-d4fd-5ef6-a3b6-8682f147013d#1,5ef5d4e6-d4fd-5ef6-a3b6-8682f147013d,es,Latn,PASSPORT_NUMBER,B88813291,"Record for Diego Gómez, Passport Number: B88813291, contact diego.gómez63@icloud.com. [#148e2f83f5f51835-1320]",0.00021634,0,stratified,1,1,,
5f5dd918-f5ff-556d-9a55-17580300d092#1,5f5dd918-f5ff-556d-9a55-17580300d092,es,Latn,,PI6358708,"Record for Marta Gómez, DEA: PI6358708, contact marta.gómez69@zoho.com. [#8adf46fa5dff8b9d-390]",0.00054368,1,stratified,1,1,DEA_NUMBER,
607a623d-88b1-5bb2-9d50-3d33477e73c9#5,607a623d-88b1-5bb2-9d50-3d33477e73c9,en,Latn,EMAIL_ADDRESS,swilson@soylentinc.com,"5-2225. Address: 425 Maple Drive, Ashland, PA 20225. Email: swilson@soylentinc.com. Phone: +1 (825) 575-7925.",8.538e-05,0,stratified,1,1,,
60f83a47-3668-5d76-a8d1-da14e85ecb39#1,60f83a47-3668-5d76-a8d1-da14e85ecb39,es,Latn,TAX_ID,52-7023132,"Record for Ana Sánchez, Tax Id: 52-7023132, contact ana.sánchez13@protonmail.com. [#99111d415b8e3b30-1",0.00028547,0,stratified,1,1,,
620e39ac-c3d8-51f4-9eb0-2b1a410d3cb5#1,620e39ac-c3d8-51f4-9eb0-2b1a410d3cb5,en,Latn,CRYPTOCURRENCY_ADDRESS,0xbcdab756bcA8T6aa81c9e5GaAdA110f864Zf1dbA,"Record for Sandra Scott, Cryptocurrency Address: 0xbcdab756bcA8T6aa81c9e5GaAdA110f864Zf1dbA, contact sandra.scott55@mail.com. [#e03440ed1bf102ea-265]",0.00082034,0,stratified,1,1,,
62709dd5-92f3-520b-8666-76c3c0aa371e#1,62709dd5-92f3-520b-8666-76c3c0aa371e,en,Latn,SWIFT_BIC_CODE,YHVR​J​PVX,"Record for Ashley Hill, Swift Bic Code: YHVR​J​PVX, contact ashley.hill38@hotmail.com. [#f55a03b61586e90a-563]",0.00029553,0,stratified,1,1,,
62dcf83c-27ba-585a-af5d-0464b97b6425#0,62dcf83c-27ba-585a-af5d-0464b97b6425,el,Grek,,Αθανάσιος Παππάς,"Record for Αθανάσιος Παππάς, Password: AT$Zo8D7, contact αθανάσιος.παππάς57@protonmail.",0.00012097,1,stratified,1,1,PERSON_NAME,
62e19192-cd70-531e-ab53-459f667dc7de#2,62e19192-cd70-531e-ab53-459f667dc7de,fr,Latn,EMAIL_ADDRESS,michel.bernard79@icloud.com,"Record for Michel Bernard, MAC: c1:92:58:63:99:57, contact michel.bernard79@icloud.com. [#e73ca269769cd915-270]",8.538e-05,0,stratified,1,1,,
63f3f5be-0f9d-5787-97c9-4d69578de225#0,63f3f5be-0f9d-5787-97c9-4d69578de225,it,Latn,,Lorenzo Ricci,"Record for Lorenzo Ricci, Passport Number: L83727107, contact lorenzo.ricci76@proton",8.375e-05,1,stratified,1,1,PERSON_NAME,
653b7095-9a16-5408-9ab2-b8bd7fe66bc2#1,653b7095-9a16-5408-9ab2-b8bd7fe66bc2,it,Latn,PASSWORD,olw$f7VnZd$iqHb4,"Record for Chiara Russo, Password: olw$f7VnZd$iqHb4, contact chiara.russo92@icloud.com. [#79b5cdffe67d5d30-757]",0.00029871,0,stratified,1,1,,
65b6ff6e-cfb0-5268-ba5a-4d4c72e53957#8,65b6ff6e-cfb0-5268-ba5a-4d4c72e53957,en,Latn,BAR_NUMBER,PA-539576,"e.white57@protonmail.com.  Sincerely,  George White Bar No. PA-539576 Counsel for Melissa Jackson",0.00036284,0,stratified,1,1,,
66780c90-f9c9-5657-9a62-a1a4acbca8dd#1,66780c90-f9c9-5657-9a62-a1a4acbca8dd,es,Latn,EMAIL_ADDRESS,marta.garcia81@outlook.es,"Registro de empleado: Marta Garcia, correo: marta.garcia81@outlook.es, telefono: +1 (981) 867-2553. Numero de seguro social: 981-",8.538e-05,0,stratified,1,1,,
67763a54-f06a-577e-81a8-de70f7847ffe#2,67763a54-f06a-577e-81a8-de70f7847ffe,fr,Latn,EMAIL_ADDRESS,françois.bernard62@fastmail.com,"Record for François Bernard, CVV: 773, contact françois.bernard62@fastmail.com. [#69ebf8606196e1fa-617]",8.538e-05,0,stratified,1,1,,
67d828fd-f91c-53ec-9679-74c61b126ab0#5,67d828fd-f91c-53ec-9679-74c61b126ab0,en,Latn,,RX-78901234,"40.7128° N, 74.0060° W. Record shows American. Record shows RX-78901234. Record shows Bachelor's Degree in Computer Science. Record",0.00265604,1,stratified,1,1,RECORD_ID,
681b2f00-92fb-5892-b199-19f037471cc2#0,681b2f00-92fb-5892-b199-19f037471cc2,de,Latn,PERSON_NAME,Hans Hoffmann,"Record for Hans Hoffmann, Invoice Number: INV-967289, contact hans.hoffmann79@zoho.c",8.375e-05,0,stratified,1,1,,
683cc827-29bd-589f-bd8f-baf89813c8c9#1,683cc827-29bd-589f-bd8f-baf89813c8c9,he,Hebr,,9153,"Record for נועה פרץ, PIN: 9153, contact נועה.פרץ77@fastmail.com. [#f8f47d1485245c66-1118]",0.00065703,1,stratified,1,1,PIN,
685ed098-652a-5555-b52c-1ce4caad4022#1,685ed098-652a-5555-b52c-1ce4caad4022,th,Thai,,INV-534568,"Record for ณัฐยา ศรีสาย, Invoice Number: INV-534568, contact ณัฐยา.ศรีสาย47@mail.com. [#673ddf4e20cbdbfe-708]",0.00065703,1,stratified,1,1,INVOICE_NUMBER,
6929f97f-5a16-5483-94b6-5cee7889057c#0,6929f97f-5a16-5483-94b6-5cee7889057c,ar,Arab,PERSON_NAME,يوسف الأحمد,"Record for يوسف الأحمد, Procedure Name: Electrocardiogram, contact يوسف.الأحمد6@ho",9.815e-05,0,stratified,1,1,,
6963e243-bd8a-5bb0-a0e5-b40d39f8336c#10,6963e243-bd8a-5bb0-a0e5-b40d39f8336c,en,Latn,MEDICAL_RECORD_NUMBER,MRN-1024723,L 34723|4000-0000-0091-4751|10321399|P3X124723|DL-X34723-23|MRN-1024723,0.00019533,0,stratified,1,1,,
6966ca3e-b813-54c1-9ffe-1fb4d127e133#1,6966ca3e-b813-54c1-9ffe-1fb4d127e133,es,Latn,API_KEY,sk-bAbpt6hsghav8nzV5YmBCmRnKXEKM873,"Record for Cristina Martínez, API key: sk-bAbpt6hsghav8nzV5YmBCmRnKXEKM873, contact cristina.martínez14@aol.com. [#809763d8f710b82c-41",0.0002978,0,stratified,1,1,,
6a23819c-d6c3-533b-b8fe-f75d6f95d7f5#2,6a23819c-d6c3-533b-b8fe-f75d6f95d7f5,uk,Cyrl,ORGANIZATION_NAME,Black Mesa Research,Employee Barbara Nguyen (ID: EMP-92753) works at Black Mesa Research. Contact Barbara Nguyen at barbara.nguyen29@aol.com. Ms. Ng,0.00104275,0,stratified,1,1,,
6a320d63-2ed2-5075-a81c-6f630197214d#2,6a320d63-2ed2-5075-a81c-6f630197214d,bn,Beng,,করিম.খান7@hotmail.com,"Record for করিম খান, DOB: 1995-10-05, contact করিম.খান7@hotmail.com. [#f80026e1edbe3893-327]",0.00012131,1,stratified,1,1,EMAIL_ADDRESS,
6aedcca8-17a0-5975-85f2-55d0824d7111#1,6aedcca8-17a0-5975-85f2-55d0824d7111,ru,Cyrl,EMPLOYEE_ID,EMP-77137,"Record for Татьяна Попов, Employee Id: EMP-77137, contact татьяна.попов62@fastmail.com. [#e48029aeefda984-36",0.00118765,0,stratified,1,1,,
6b050701-74e1-5fb1-b87a-f171680fde83#4,6b050701-74e1-5fb1-b87a-f171680fde83,tr,Latn,,38.32.76.45," ""phone"": ""+1 (209) 234-7212"", ""ssn"": ""290-34-2488"", ""ip"": ""38.32.76.45""}}",0.00019761,1,stratified,1,1,IP_ADDRESS,
6b0da210-3e37-5417-a325-c0fec4f5c4be#2,6b0da210-3e37-5417-a325-c0fec4f5c4be,el,Grek,EMAIL_ADDRESS,παναγιώτης.μακρής17@icloud.com,"Record for Παναγιώτης Μακρής, SSN: 822-86-7291, contact παναγιώτης.μακρής17@icloud.com. [#2169b3e4e45ab9e9-899]",0.00012135,0,stratified,1,1,,
6b31f0d3-0444-5fad-af4e-d53cac190afd#1,6b31f0d3-0444-5fad-af4e-d53cac190afd,el,Grek,IBAN,IT55632231060514406036,"Record for Δήμητρα Βασιλείου, IBAN: IT55632231060514406036, contact δήμητρα.βασιλείου23@mail.com. [#7bb7e6fd8ad4bd8e-3",0.00065703,0,stratified,1,1,,
6b386ea7-a4ee-5efa-a5c2-11376954306f#6,6b386ea7-a4ee-5efa-a5c2-11376954306f,en,Latn,PHONE_NUMBER,+1 (468) 476-2884,",     ""ssn_backup"": ""868-58-8068"", } # Contact Dr. Perez at +1 (468) 476-2884 for access. # MAC whitelist: c4:9c:74:24:fc:ac",9.813e-05,0,stratified,1,1,,
6bfde113-97f2-5adf-b5e0-1371cd29a6b3#1,6bfde113-97f2-5adf-b5e0-1371cd29a6b3,en,Latn,,Carol Wilson,"d mortgage application  To whom it may concern,  My name is Carol Wilson and I am writing regarding denied mortgage application. My ",8.375e-05,1,stratified,1,1,PERSON_NAME,
6c7badcb-808d-5124-8279-29f55b3a1717#0,6c7badcb-808d-5124-8279-29f55b3a1717,hi,Deva,PERSON_NAME,Pooja Mishra,"Record for Pooja Mishra, Bank Routing Number: 339440152, contact pooja.mishra41@gma",9.796e-05,0,stratified,1,1,,
6cad39a8-3c92-5639-a84a-1c5f9896b755#2,6cad39a8-3c92-5639-a84a-1c5f9896b755,en,Latn,,Lisa Thomas,"RIPT Patient: Steven Clark (MRN: MRN-3786320) Provider: Dr. Lisa Thomas  DR: Good morning, Steven Clark. How are you feeling today?",8.375e-05,1,stratified,1,1,PERSON_NAME,
6dae1400-b7f6-548a-8968-5338db3ded8b#1,6dae1400-b7f6-548a-8968-5338db3ded8b,fr,Latn,PASSWORD,W1uJS4Td,"Record for Sophie Robert, Password: W1uJS4Td, contact sophie.robert86@outlook.com. [#5811c83ea28cddb9-41",0.00029871,0,stratified,1,1,,
6dd93005-9c7c-534a-bf97-6490c3ce71c5#7,6dd93005-9c7c-534a-bf97-6490c3ce71c5,en,Latn,ORGANIZATION_NAME,Wayne Enterprises,"o allocation. Client reports annual income of $172,000 from Wayne Enterprises. Risk tolerance: conservative. Current allocation: 57% equi",0.00011622,0,stratified,1,1,,
6e7c07fe-55a5-53e5-87e2-e869b53cf236#1,6e7c07fe-55a5-53e5-87e2-e869b53cf236,es,Latn,CVV,228,"Record for María Morales, CVV: 228, contact maría.morales88@yahoo.com. [#236eea09da53ad47-1010",0.00031029,0,stratified,1,1,,
6ec1ec1c-40e8-5d4a-b538-ca08c8c41983#1,6ec1ec1c-40e8-5d4a-b538-ca08c8c41983,el,Grek,SOCIAL_SECURITY_NUMBER,171-39-9843,"Record for Μαρία Αθανασίου, SSN: 171-39-9843, contact μαρία.αθανασίου88@protonmail.com. [#2169b3e4e45ab9",0.00065703,0,stratified,1,1,,
6efa26fc-918e-5c40-8ab1-a4cab14dac90#1,6efa26fc-918e-5c40-8ab1-a4cab14dac90,fr,Latn,,antoine.petit14@orange.fr,"Fiche employe: Antoine Petit, courriel: antoine.petit14@orange.fr, telephone: +1 (214) 298-5782. NSS: 814-94-6214. Adresse: 3",8.538e-05,1,stratified,1,1,EMAIL_ADDRESS,
7057e052-03b9-5b89-abde-892828402d1c#1,7057e052-03b9-5b89-abde-892828402d1c,en,Latn,DEVICE_IDENTIFIER,OTIzMjcyODAzNjg1OTcy,"Record for Elizabeth Torres, Device Identifier: OTIzMjcyODAzNjg1OTcy, contact elizabeth.torres33@yahoo.com. [#37db8f4de6bcfa4b-3",0.00082338,0,stratified,1,1,,
7070f3cd-5667-5238-a5df-02198b847212#4,7070f3cd-5667-5238-a5df-02198b847212,ru,Cyrl,IP_ADDRESS,90.19.30.166," ""phone"": ""+1 (331) 408-5614"", ""ssn"": ""350-55-8719"", ""ip"": ""90.19.30.166""}}",0.0009434,0,stratified,1,1,,
70c92d5d-713f-53d5-a8fd-d7784d5eb7d7#8,70c92d5d-713f-53d5-a8fd-d7784d5eb7d7,en,Latn,HEALTH_CONDITION,Acute Bronchitis,"al relief. PE: abdomen soft, non-tender, non-distended A/P: Acute Bronchitis. Continue current regimen. RTC in 4 weeks. Patient phone: +",0.00029313,0,stratified,1,1,,
720368cf-9b4c-5af9-a9bb-e2f9679ea9e2#4,720368cf-9b4c-5af9-a9bb-e2f9679ea9e2,en,Latn,EMAIL_ADDRESS,timothy.lopez@techmail.com,"B: Nice to meet you! I'm Timothy Lopez, you can reach me at timothy.lopez@techmail.com. A: Great! My phone is +1 212-353-055. When would you like ",8.538e-05,0,stratified,1,1,,
72cf644d-35c3-54b3-aada-8d2cd64692e1#4,72cf644d-35c3-54b3-aada-8d2cd64692e1,en,Latn,DATE_OF_BIRTH,3/24/42,"igue for about a week now.  DR: I see. And you were born on 1942-03-24, correct? Just confirming for our records.  PT: Yes, that's",0.00014372,0,stratified,1,1,,
7467ab00-696b-505d-bc30-e7bf549612d6#0,7467ab00-696b-505d-bc30-e7bf549612d6,en,Latn,PERSON_NAME,Jessica Sanchez,NSURANCE CLAIM NARRATIVE Claim #: CLM-2024-589717  Patient: Jessica Sanchez | DOB: 1966-03-09 | MRN: MRN-6347955 Insurance ID: INS-8150,8.375e-05,0,stratified,1,1,,
75ac5d94-92e2-5334-bf9c-76e9a35e1560#2,75ac5d94-92e2-5334-bf9c-76e9a35e1560,ko,Kore,,준서.서64@yahoo.com,"ord for 준서 서, Procedure Name: Complete Blood Count, contact 준서.서64@yahoo.com. [#f48ef079a6aa0c98-444]",0.00010027,1,stratified,1,1,EMAIL_ADDRESS,
75c13089-a8a4-5c01-883a-534f9d56482b#0,75c13089-a8a4-5c01-883a-534f9d56482b,ar,Arab,PERSON_NAME,عائشة الحسن,"Record for عائشة الحسن, Credit Card Number: 6011 3681 7221 3737, contact عائشة.الح",9.815e-05,0,stratified,1,1,,
75cac50b-f02b-508e-8733-d3ddd8e577d1#1,75cac50b-f02b-508e-8733-d3ddd8e577d1,nl,Latn,DEA_NUMBER,FT2698394,"Record for Adriana Janssen, DEA: FT2698394, contact adriana.janssen94@mail.com. [#aef1f0054c2c7d2d-198",0.00054368,0,stratified,1,1,,
760b22b6-00d5-5592-add4-778a42247b02#4,760b22b6-00d5-5592-add4-778a42247b02,fr,Latn,PERSON_NAME,Pierre David,"robinson65@gmail.com> Subject: Re: Account Verification for Pierre David  Hi Sharon,  Per your request, here are my verification det",8.375e-05,0,stratified,1,1,,
76501563-e926-5a02-94cb-3554b7b15d93#1,76501563-e926-5a02-94cb-3554b7b15d93,en,Latn,,P7D129877,Travel Record for Lisa Smith Passport: P7D129877 | National ID: NID-900209139 License Plate (rental): DJV-38,0.00021634,1,stratified,1,1,PASSPORT_NUMBER,
77010a8e-5b10-5878-bcef-f911cd36b49c#3,77010a8e-5b10-5878-bcef-f911cd36b49c,cy,Latn,,Dunder Mifflin,evans39@outlook.com | | Phone | +1 (839) 294-7455 | | Org | Dunder Mifflin |,0.00011622,1,stratified,1,1,ORGANIZATION_NAME,
77c9fee6-1424-5f07-8e80-3063209b6ef2#2,77c9fee6-1424-5f07-8e80-3063209b6ef2,en,Latn,,matthew.scott50@hotmail.com,"atthew Scott, Biometric Id: BI​O-270B96​36AFFB5443, contact matthew.scott50@hotmail.com. [#bad1dc3fc38835dc-534]",8.538e-05,1,stratified,1,1,EMAIL_ADDRESS,
7852eeed-05ad-59db-a158-7efb5e3b1d7f#5,7852eeed-05ad-59db-a158-7efb5e3b1d7f,en,Latn,MEDICATION_NAME,Metoprolol 25mg,44-09-24. Dr. Daniel Martin examined Johnson and prescribed Metoprolol 25mg. Ms. Johnson was discharged with instructions to follow up.,0.00026338,0,stratified,1,1,,
78a4966a-5cfa-5b76-b876-e85ca943c464#1,78a4966a-5cfa-5b76-b876-e85ca943c464,th,Thai,,FR44174938090102666839,"Record for ณัฐยา ชินวัตร, IBAN: FR44174938090102666839, contact ณัฐยา.ชินวัตร43@protonmail.com. [#96741b969bf88a65",0.00065703,1,stratified,1,1,IBAN_NUMBER,
7b3bc7cb-ee0a-5a63-a4b4-763e8feca993#14,7b3bc7cb-ee0a-5a63-a4b4-763e8feca993,en,Latn,,Michelle Robinson,ribe the events of January 2025? A: Yes. I was present when Michelle Robinson submitted the complaint to Soylent Corp.  Matthew Perez: No,8.375e-05,1,stratified,1,1,PERSON_NAME,
7b48d81b-47e3-5dac-afe0-f8f15c0c35fa#0,7b48d81b-47e3-5dac-afe0-f8f15c0c35fa,en,Latn,PERSON_NAME,John Smith,"Record for John Smith, Swift Bic Code: DDLO​​USPK, contact john.smith66@yahoo.com",8.375e-05,0,stratified,1,1,,
7b590a3e-9d4b-5f92-9354-c2ae35db7759#1,7b590a3e-9d4b-5f92-9354-c2ae35db7759,el,Grek,DATE_OF_BIRTH,3/18/51,"Record for Ελένη Βασιλείου, DOB: 1951-03-18, contact ελένη.βασιλείου35@hotmail.com. [#31a150189d4c03f4-",0.00132802,0,stratified,1,1,,
7b64125e-5027-5450-a1dc-93d9d4d79202#0,7b64125e-5027-5450-a1dc-93d9d4d79202,en,Latn,VEHICLE_MODEL,Ford F-150,Asset record — Ford F-150; reference https://portal413.net/u/712028.,0.00542005,0,stratified,1,1,,
7be1be25-ba08-52b1-b938-1a4945f688ae#2,7be1be25-ba08-52b1-b938-1a4945f688ae,hi,Deva,EMAIL_ADDRESS,meera.agarwal61@gmail.com," for Meera Agarwal, Bank Routing Number: 080160098, contact meera.agarwal61@gmail.com. [#827c5d704893fe04-1507]",0.00010001,0,stratified,1,1,,
7c94a241-0f7c-597d-bdf0-103272166d8f#1,7c94a241-0f7c-597d-bdf0-103272166d8f,th,Thai,DOCKET_NUMBER,2025-1224-UB,"Record for รัตนา ทองดี, Docket Number: 2025-1224-UB, contact รัตนา.ทองดี62@protonmail.com. [#d08a05fb21f37160-6",0.00132802,0,stratified,1,1,,
7d4d206a-5232-5056-8ec0-94ac25236292#3,7d4d206a-5232-5056-8ec0-94ac25236292,es,Latn,,987-87-4587,".com, telefono: +1 (987) 909-2631. Numero de seguro social: 987-87-4587. Direccion: 1887 Willow Way, Fairview, GA 31587. Empresa: S",0.00011151,1,stratified,1,1,SOCIAL_SECURITY_NUMBER,
7d7e9954-6dce-5d4e-9193-20ac64983ba9#1,7d7e9954-6dce-5d4e-9193-20ac64983ba9,en,Latn,GENDER,Male,"Resident: Deborah Hernandez, 51659. Gender: Male. DOB: 1989-03-17. Education: Bachelor's. Job: Business Anal",0.00404858,0,stratified,1,1,,
7e1a18f5-21b1-553a-9487-3adab413b5d2#0,7e1a18f5-21b1-553a-9487-3adab413b5d2,el,Grek,PERSON_NAME,Χρήστος Παππάς,"Record for Χρήστος Παππάς, DEA: TA6072481, contact χρήστος.παππάς4@icloud.com. [#353c",0.00012097,0,stratified,1,1,,
7f2bbc14-5970-572f-b73d-effc11349c6a#1,7f2bbc14-5970-572f-b73d-effc11349c6a,it,Latn,CVV,549,"Record for Francesca Marino, CVV: 549, contact francesca.marino93@outlook.com. [#4020c496e2e09c3e",0.00031029,0,stratified,1,1,,
7f7df3ac-c2e2-5ed4-8284-3f70cf6c7acd#1,7f7df3ac-c2e2-5ed4-8284-3f70cf6c7acd,el,Grek,INVOICE_NUMBER,INV-240621,"Record for Αναστασία Δημητρίου, Invoice Number: INV-240621, contact αναστασία.δημητρίου35@fastmail.com. [#5356f6f55dd5",0.00065703,0,stratified,1,1,,
7fba2519-fcab-5778-9b61-0396ae1de476#6,7fba2519-fcab-5778-9b61-0396ae1de476,en,Latn,,132967734,"5 | Phone: +1 (936) 439-6653 Account: 3837239489 | Routing: 132967734  NARRATIVE: On 2025-08-06, Mary deposited $34,000 in cash, ",0.00025268,1,stratified,1,1,BANK_ROUTING_NUMBER,
800c192b-de2c-5a55-84c4-3181da7e9603#6,800c192b-de2c-5a55-84c4-3181da7e9603,en,Latn,POSTAL_CODE,18252,"390|696-82-1620|1973-03-26|707 Main Street, Springfield, IL|18252",0.00265604,0,stratified,1,1,,
8021f7a1-4c71-5eb7-8c63-37adaffb1f3c#1,8021f7a1-4c71-5eb7-8c63-37adaffb1f3c,th,Thai,,2020-CR-6752,"Record for ทักษิณ ทองดี, Court Case Number: 2020-CR-6752, contact ทักษิณ.ทองดี67@icloud.com. [#d0977b608f7f956d-548]",0.00132802,1,stratified,1,1,COURT_CASE_NUMBER,
808cacf3-4a7f-5fd1-af8a-21d9bfc0b9c7#3,808cacf3-4a7f-5fd1-af8a-21d9bfc0b9c7,es,Latn,,761-41-2561,"k.es, telefono: +1 (561) 327-3293. Numero de seguro social: 761-41-2561. Direccion: 9761 Main Avenue, Riverside, TX 29561. Empresa:",0.00011151,1,stratified,1,1,SOCIAL_SECURITY_NUMBER,
80ebf9b1-f336-5260-8edb-5063b6677b6f#2,80ebf9b1-f336-5260-8edb-5063b6677b6f,de,Latn,,238.126.235.232,024-06-05T13:54:00Z] Alert for Andreas Fischer: access from 238.126.235.232 (MAC: a1:88:8a:ac:ac:6e) [2021-09-02T16:38:00Z] Andreas Fis,0.00019761,1,stratified,1,1,IP_ADDRESS,
80ee9deb-fe69-5bf3-be29-9bb82112c233#1,80ee9deb-fe69-5bf3-be29-9bb82112c233,el,Grek,DEA_NUMBER,RC6226421,"Record for Μαρία Μακρής, DEA: RC6226421, contact μαρία.μακρής31@fastmail.com. [#353c7b0e2183b1fd-15",0.00132802,0,stratified,1,1,,
80fe3ea4-7539-5461-941d-9ef9bc90f6fb#1,80fe3ea4-7539-5461-941d-9ef9bc90f6fb,en,Latn,NATIONALITY,Brazilian,"Record for Amanda Jackson, Nationality: Brazilian, contact amanda.jackson76@hotmail.com. [#c9ea4a8dd6ef8bb0-1",0.01,0,stratified,1,1,,
8254cfa1-08b9-5bd7-a8e7-e7903fc0706b#1,8254cfa1-08b9-5bd7-a8e7-e7903fc0706b,ru,Cyrl,INVOICE_NUMBER,INV-352362,"Record for Андрей Алексеев, Invoice Number: INV-352362, contact андрей.алексеев3@yahoo.com. [#5a57f181741ce7d8-121",0.00065703,0,stratified,1,1,,
8407f6db-16ba-5b99-8d72-f79d23d93896#1,8407f6db-16ba-5b99-8d72-f79d23d93896,he,Hebr,CVV,912,"Record for יעקב פרץ, CVV: 912, contact יעקב.פרץ18@icloud.com. [#6df1bae8b7aadfa6-675]",0.00065703,0,stratified,1,1,,
84a05b3c-f551-575c-8c87-f8173c1d6dd6#1,84a05b3c-f551-575c-8c87-f8173c1d6dd6,en,Latn,VEHICLE_IDENTIFICATION_NUMBER,NATTJ49ACK5YCXA5L,"Record for Linda Sanchez, Vehicle Identification Number: NATTJ49ACK5YCXA5L, contact linda.sanchez54@zoho.com. [#c35b49b045965af4-100]",0.00265604,0,stratified,1,1,,
84b624e6-750b-5853-95f9-3690793c0f79#17,84b624e6-750b-5853-95f9-3690793c0f79,en,Latn,DATE_OF_BIRTH,8/8/75," Primary Subject: Catherine Green   SSN: 575-35-6875 | DOB: 1975-08-08   Address: 5075 Sycamore Road, Ashland, PA 24875   Email: c",0.00014372,0,stratified,1,1,,
85e9d52a-066d-559c-9150-1a309ce7ce0c#1,85e9d52a-066d-559c-9150-1a309ce7ce0c,he,Hebr,PASSWORD,1hLY#eAlv#,"Record for איתן ביטון, Password: 1hLY#eAlv#, contact איתן.ביטון78@outlook.com. [#2a27d78037438e10-797]",0.00065703,0,stratified,1,1,,
866f40c7-5916-53b3-93d7-2d8ba8ef7d55#1,866f40c7-5916-53b3-93d7-2d8ba8ef7d55,it,Latn,,3623612569,"Record for Giuseppe Colombo, NPI: 3623612569, contact giuseppe.colombo43@protonmail.com. [#18687e7ca2f9e",0.00026327,1,stratified,1,1,NATIONAL_ID_NUMBER,
867e861a-5399-5158-a3fe-e07d21006039#1,867e861a-5399-5158-a3fe-e07d21006039,he,Hebr,BANK_ROUTING_NUMBER,510338009,"Record for יונתן אזולאי, Bank Routing Number: 510338009, contact יונתן.אזולאי7@fastmail.com. [#c3438e9554ef6d80-123",0.00065703,0,stratified,1,1,,
8789524d-036f-5034-bdb4-34319d788082#1,8789524d-036f-5034-bdb4-34319d788082,he,Hebr,IBAN,NL62627453466417340935,"Record for אברהם כהן, IBAN: NL62627453466417340935, contact אברהם.כהן55@protonmail.com. [#e96468b9cd91c505-405",0.00065703,0,stratified,1,1,,
881ad271-a2bf-5466-9c30-dee908aac33c#0,881ad271-a2bf-5466-9c30-dee908aac33c,nl,Latn,,Maria de Groot,"Record for Maria de Groot, License Plate: EEB-2733, contact maria.groot31@fastmail.co",8.375e-05,1,stratified,1,1,PERSON_NAME,
886bcd2a-96cb-5a7f-ade3-ebee88024646#0,886bcd2a-96cb-5a7f-ade3-ebee88024646,en,Latn,PERSON_NAME,Andrew White,"Record for Andrew White, PIN: 3​05​0, contact andrew.white90@hotmail.com. [#fd7adb8",8.375e-05,0,stratified,1,1,,
8891caa5-5cfb-5653-8f2f-da7a90ca1738#1,8891caa5-5cfb-5653-8f2f-da7a90ca1738,he,Hebr,TAX_ID,36-2475931,"Record for רבקה מזרחי, Tax Id: 36-2475931, contact רבקה.מזרחי28@yahoo.com. [#79ee55565a3ecce6-377]",0.00065703,0,stratified,1,1,,
88e9b538-bb83-5b73-a085-5a9b7dfe6011#1,88e9b538-bb83-5b73-a085-5a9b7dfe6011,de,Latn,GENETIC_DATA,HLA-B*57:01 positive,"Record for Ursula Koch, Genetic Data: HLA-B*57:01 positive, contact ursula.koch99@icloud.com. [#a9-GENE-de-24]",0.00840336,0,stratified,1,1,,
89410e22-7471-5bbb-ad43-fcbcf15d1bc7#0,89410e22-7471-5bbb-ad43-fcbcf15d1bc7,bn,Beng,PERSON_NAME,ইমরান বিশ্বাস,"Record for ইমরান বিশ্বাস, Salary: $84,000, contact ইমরান.বিশ্বাস6@fastmail.com. [#d1",0.00012088,0,stratified,1,1,,
899514ca-e23c-5907-b506-e13cce8b2b93#13,899514ca-e23c-5907-b506-e13cce8b2b93,en,Latn,,Dr. Hernandez,"account 10301184. Please reply with your details.  Regards, Dr. Hernandez",8.375e-05,1,stratified,1,1,PERSON_NAME,
89f2f399-c70b-5b5a-9bc1-22b959a74f19#1,89f2f399-c70b-5b5a-9bc1-22b959a74f19,nl,Latn,LOCATION_NAME,Clinton,"Record for Anna Mulder, Location Name: Clinton, contact anna.mulder27@fastmail.com. [#5e984a8959b69c1b-217",0.00052002,0,stratified,1,1,,
8a6cbe00-941a-5b8b-a7e5-4116463dbcf7#2,8a6cbe00-941a-5b8b-a7e5-4116463dbcf7,ru,Cyrl,,андрей.новиков2@gmail.com,"Record for Андрей Новиков, DEA: HS4732019, contact андрей.новиков2@gmail.com. [#f188c288793c0ff2-333]",0.0001206,1,stratified,1,1,EMAIL_ADDRESS,
8add5f57-609c-58d9-a62a-e493d884483c#2,8add5f57-609c-58d9-a62a-e493d884483c,zh,Hans,EMAIL_ADDRESS,涛.朱29@hotmail.com,"Record for 涛 朱, Bank Account Number: 3288999196, contact 涛.朱29@hotmail.com. [#283998a5fc6d9f7e-1018]",8.445e-05,0,stratified,1,1,,
8c93a1ad-1018-5674-82fc-00b765e67a7f#2,8c93a1ad-1018-5674-82fc-00b765e67a7f,he,Hebr,,דוד.לוי90@outlook.com,"ord for דוד לוי, Procedure Name: Electrocardiogram, contact דוד.לוי90@outlook.com. [#f016147dde0d1ab7-350]",0.00012131,1,stratified,1,1,EMAIL_ADDRESS,
8d1bf156-96b0-5b9b-81c3-0e7f19ca5f5e#1,8d1bf156-96b0-5b9b-81c3-0e7f19ca5f5e,bn,Beng,SOCIAL_SECURITY_NUMBER,618-30-2713,"Record for সাকিব চৌধুরী, SSN: 618-30-2713, contact সাকিব.চৌধুরী94@zoho.com. [#50f9f4849834326c-655]",0.00065703,0,stratified,1,1,,
8d59a1b8-c187-5940-ad50-dc3d8223c592#2,8d59a1b8-c187-5940-ad50-dc3d8223c592,el,Grek,EMAIL_ADDRESS,βασιλική.ιωάννου42@gmail.com,"Βασιλική Ιωάννου, Driver License Number: FI-647771, contact βασιλική.ιωάννου42@gmail.com. [#cb2b34b65dcca750-96]",0.00012135,0,stratified,1,1,,
8e5f4eda-5b49-535a-8f37-d3fd00a2cdde#1,8e5f4eda-5b49-535a-8f37-d3fd00a2cdde,el,Grek,,2022-CRIM-8998,"Record for Σοφία Αθανασίου, Court Case Number: 2022-CRIM-8998, contact σοφία.αθανασίου88@yahoo.com. [#cb88d953cd6a349b-57",0.00132802,1,stratified,1,1,COURT_CASE_NUMBER,
8e8ac5cf-75e8-5820-837b-59ecf2192998#2,8e8ac5cf-75e8-5820-837b-59ecf2192998,fr,Latn,EMAIL_ADDRESS,nicolas.lefebvre99@icloud.com,"r Nicolas Lefebvre, Bank Routing Number: 929551988, contact nicolas.lefebvre99@icloud.com. [#59fb1f95e2aea91c-472]",8.538e-05,0,stratified,1,1,,
8ea910f3-a281-52f6-ac2d-2fdfde63dde8#1,8ea910f3-a281-52f6-ac2d-2fdfde63dde8,en,Latn,CREDIT_CARD_NUMBER,601​1 068​9 8091 5493,"Record for Joseph Thompson, Credit Card Number: 601​1 068​9 8091 5493, contact joseph.thompson63@gmail.com. [#425421c6040502db-60",0.00020098,0,stratified,1,1,,
8eb8cc7f-1ec8-58ae-810f-67a08184c2f7#1,8eb8cc7f-1ec8-58ae-810f-67a08184c2f7,bn,Beng,,QG-824784,"Record for মিতু রহমান, Driver License Number: QG-824784, contact মিতু.রহমান50@fastmail.com. [#4080ca97ce70bad0-36]",0.00065703,1,stratified,1,1,DRIVER_LICENSE_NUMBER,
8f4592eb-b25d-5e9a-a2fb-6f7fce7c025a#0,8f4592eb-b25d-5e9a-a2fb-6f7fce7c025a,en,Latn,CREDIT_CARD_FRAGMENT,0617,Card ending 0617 charged. Account 10056433.,0.00070348,0,stratified,1,1,,
8fcbf254-e665-5196-bff8-e47a4d66179f#1,8fcbf254-e665-5196-bff8-e47a4d66179f,el,Grek,BANK_ROUTING_NUMBER,730032403,"Record for Χρήστος Ιωάννου, Bank Routing Number: 730032403, contact χρήστος.ιωάννου85@protonmail.com. [#303d61f0bb99b4",0.00065703,0,stratified,1,1,,
8fd9ddfa-ef0c-5b2f-986f-00ed8379c5d9#1,8fd9ddfa-ef0c-5b2f-986f-00ed8379c5d9,he,Hebr,INSURANCE_POLICY_NUMBER,POL-3025845,"Record for משה כץ, Insurance Policy Number: POL-3025845, contact משה.כץ16@yahoo.com. [#973caa9b52cb03f-355]",0.00065703,0,stratified,1,1,,
9045d58c-6b62-5bfb-a7f6-3f9adba8ebd1#3,9045d58c-6b62-5bfb-a7f6-3f9adba8ebd1,en,Latn,PHONE_NUMBER,+1 (366) 562-2758,ibrillation. Current medication: Sertraline 100mg. Contact: +1 (366) 562-2758. Emergency contact at michael.carter66@outlook.com.,9.813e-05,0,stratified,1,1,,
90b34afa-a8fe-56c7-bb2c-101876b595e1#0,90b34afa-a8fe-56c7-bb2c-101876b595e1,el,Grek,PERSON_NAME,Σοφία Οικονόμου,"Record for Σοφία Οικονόμου, API key: sk-Ke3gtNTLzV3pNWmDXEOrra9XVfw3yQ9J, contact σοφί",0.00012097,0,stratified,1,1,,
91c7a655-acba-5246-8b67-4ab275009b4c#2,91c7a655-acba-5246-8b67-4ab275009b4c,nl,Latn,EMAIL_ADDRESS,jan.boer43@yahoo.com,"Record for Jan de Boer, Username: dev_9222, contact jan.boer43@yahoo.com. [#fe2ee13d844ceaf-120]",8.538e-05,0,stratified,1,1,,
91e5db05-a657-5608-b799-77eba3b99269#4,91e5db05-a657-5608-b799-77eba3b99269,en,Latn,,anna.lopez@hoolitechnologies.com,"ent: Engineering at Hooli Technologies Manager: Anna Lopez (anna.lopez@hoolitechnologies.com)  On 2025-02-15, Ms. Stewart filed a complaint regarding wo",8.538e-05,1,stratified,1,1,EMAIL_ADDRESS,
92c904c0-b37a-5868-a34d-4600d7f74547#1,92c904c0-b37a-5868-a34d-4600d7f74547,it,Latn,,ES99417037639368635476,"Record for Davide Bianchi, IBAN: ES99417037639368635476, contact davide.bianchi93@yahoo.com. [#65d887ac738821eb-858",0.00024825,1,stratified,1,1,IBAN_NUMBER,
9377090f-20dc-5ff0-9b84-e9898c44daa6#1,9377090f-20dc-5ff0-9b84-e9898c44daa6,th,Thai,,MBARCHYD,"Record for อานนท์ บุนนาค, Swift Bic Code: MBARCHYD, contact อานนท์.บุนนาค45@protonmail.com. [#c727237b0442b330",0.00065703,1,stratified,1,1,SWIFT_BIC_CODE,
944d096a-3e8b-540c-8ca3-7f5bfe76da4e#5,944d096a-3e8b-540c-8ca3-7f5bfe76da4e,en,Latn,PHONE_NUMBER,+1 (323) 432-1623,ntact Elizabeth Torres at elizabeth.torres35@hotmail.com or +1 (323) 432-1623. Ms. Torres's manager approved the request. SSN on file: 34,9.813e-05,0,stratified,1,1,,
94cb64c7-a15e-564c-aee0-78b6fabd45b4#2,94cb64c7-a15e-564c-aee0-78b6fabd45b4,ru,Cyrl,,андрей.волков35@protonmail.com,"Record for Андрей Волков, Salary: $167,000, contact андрей.волков35@protonmail.com. [#e4ae1716397677bd-501]",0.0001206,1,stratified,1,1,EMAIL_ADDRESS,
953824dd-aa7d-5d0f-86ff-844d13c2e156#2,953824dd-aa7d-5d0f-86ff-844d13c2e156,en,Latn,TIMESTAMP,2025-07-23T09:42:00Z,UM  TO: File FROM: Betty Williams (Bar No. IL-220354) DATE: 2025-07-23T09:42:00Z RE: Dorothy Sanchez v. Consolidated Amalgamated - insurance,0.00014064,0,stratified,1,1,,
9571efb4-3dc3-5aa4-856a-0076fbfb44bf#1,9571efb4-3dc3-5aa4-856a-0076fbfb44bf,nl,Latn,CVV,231,"Record for Willem de Vries, CVV: 231, contact willem.vries25@protonmail.com. [#b85073a5ae484ee4-",0.00031029,0,stratified,1,1,,
958b048d-c560-5b58-9b06-41454b1c5278#4,958b048d-c560-5b58-9b06-41454b1c5278,de,Latn,STREET_ADDRESS,"7682 Elm Boulevard, Greenville, NY 17582"," 474-9566. Sozialversicherungsnummer: 482-32-8582. Adresse: 7682 Elm Boulevard, Greenville, NY 17582. Unternehmen: Initech LLC.",0.00012576,0,stratified,1,1,,
96bca3d6-e2db-5310-ad60-82bc13213a43#2,96bca3d6-e2db-5310-ad60-82bc13213a43,el,Grek,EMAIL_ADDRESS,κωνσταντίνος.βασιλείου4@yahoo.com,"for Κωνσταντίνος Βασιλείου, MAC: c5:46:22:54:ab:53, contact κωνσταντίνος.βασιλείου4@yahoo.com. [#3769aa68b49a2e43-255]",0.00012135,0,stratified,1,1,,
9859e384-ab21-540b-ab55-618325b850ee#1,9859e384-ab21-540b-ab55-618325b850ee,de,Latn,,9561727012,"Record for Ursula Fischer, NPI: 9561727012, contact ursula.fischer43@yahoo.com. [#6eb22c27d2a935a1-351",0.00026327,1,stratified,1,1,NATIONAL_ID_NUMBER,
98c67af4-07c8-5044-a9cc-64c8c2d26977#2,98c67af4-07c8-5044-a9cc-64c8c2d26977,th,Thai,EMAIL_ADDRESS,วนิดา.ชินวัตร79@hotmail.com,"Record for วนิดา ชินวัตร, Tax Id: 39-1234083, contact วนิดา.ชินวัตร79@hotmail.com. [#dbab90685d3f8edf-530]",0.00012162,0,stratified,1,1,,
98cc8053-5e89-5ba8-b3f5-24636f34f0af#5,98cc8053-5e89-5ba8-b3f5-24636f34f0af,de,Latn,,Acute Bronchitis,"la Schneider (DOB: 1956-03-09, MRN: MRN-2429980) Diagnosis: Acute Bronchitis Current Medications: Levothyroxine 75mcg Contact: +1 (720) ",0.00029313,1,stratified,1,1,MEDICAL_CONDITION,
98cd504a-63ed-5393-b94d-2c741f0ef627#5,98cd504a-63ed-5393-b94d-2c741f0ef627,en,Latn,AUTHENTICATION_TOKEN,eyJhbGc...,beral. Record shows 021000021. Record shows 4. Record shows eyJhbGc.... Record shows Bachelor's Degree in Computer Science. Record,0.00082237,0,stratified,1,1,,
98cdf247-16db-5085-b850-154515fb2054#1,98cdf247-16db-5085-b850-154515fb2054,th,Thai,SOCIAL_SECURITY_NUMBER,822-49-6981,"Record for อานนท์ ชาญณรงค์, SSN: 822-49-6981, contact อานนท์.ชาญณรงค์74@hotmail.com. [#bb747b77f77825d7-",0.00065703,0,stratified,1,1,,
98d7418b-c366-57d3-bcde-8e73712af5a6#1,98d7418b-c366-57d3-bcde-8e73712af5a6,pt,Latn,,gay,"Record for Inês Martins, Sexual Orientation: gay, contact inês.martins64@zoho.com. [#a9-SEXU-pt-14]",0.00840336,1,stratified,1,1,SEXUAL_ORIENTATION,
994b573b-aceb-5e0a-9deb-632836c8ec74#2,994b573b-aceb-5e0a-9deb-632836c8ec74,en,Latn,DATE_OF_BIRTH,7/7/47," ID: 16346740  SUBJECT: Karen Smith SSN: 238-69-8480 | DOB: 1947-07-07 Address: 6067 Main St, Franklin, MI 61499 | Phone: +1 (474)",0.00014372,0,stratified,1,1,,
9a4ce806-3852-5a74-a5a4-aa5a7710a23d#2,9a4ce806-3852-5a74-a5a4-aa5a7710a23d,zh,Hans,EMAIL_ADDRESS,强.胡58@zoho.com,"d for 强 胡, Credit Card Number: 5772 5760 5912 5581, contact 强.胡58@zoho.com. [#9985bb8043770e88-1111]",8.445e-05,0,stratified,1,1,,
9ab0b24d-9749-547b-8810-87e6b4153a8b#4,9ab0b24d-9749-547b-8810-87e6b4153a8b,en,Latn,VISA_NUMBER,A12345678,"d shows $120,000. Record shows D123-4567-8901. Record shows A12345678. ",0.00082474,0,stratified,1,1,,
9bc9e863-91a0-56d6-862d-932995b2cd59#1,9bc9e863-91a0-56d6-862d-932995b2cd59,ru,Cyrl,,2025-12-17T22:54:00Z,"Record for Дмитрий Козлов, Timestamp: 2025-12-17T22:54:00Z, contact дмитрий.козлов91@aol.com. [#ab61c1b5a58594de-188]",0.0010395,1,stratified,1,1,TIMESTAMP,
9beb9611-a0a5-5145-942f-adbbe7054137#0,9beb9611-a0a5-5145-942f-adbbe7054137,zh,Hans,,强 周,"Record for 强 周, Insurance Policy Number: POL-9264981, contact 强.周97@aol.co",0.00010445,1,stratified,1,1,PERSON_NAME,
9bf7ce02-e892-5ce5-a535-5780a06f26f3#6,9bf7ce02-e892-5ce5-a535-5780a06f26f3,ja,Jpan,PHONE_NUMBER,+1 (851) 205-4998,sm Medication: Amlodipine 5mg Provider: Pied Piper Contact: +1 (851) 205-4998 Insurance: INS-928987993,0.00033456,0,stratified,1,1,,
9dbbb161-681a-59b5-8a57-7d38b8f75b47#0,9dbbb161-681a-59b5-8a57-7d38b8f75b47,de,Latn,PERSON_NAME,Wolfgang Koch,"Record for Wolfgang Koch, IBAN: ES12509954487831847602, contact wolfgang.koch92@fast",8.375e-05,0,stratified,1,1,,
9e9c5b3e-0d69-56d6-86b8-4e52816f00ba#1,9e9c5b3e-0d69-56d6-86b8-4e52816f00ba,it,Latn,LOCATION_NAME,Springfield,"Record for Marco Greco, Location Name: Springfield, contact marco.greco56@hotmail.com. [#52c376a583c1317a-507]",0.00052002,0,stratified,1,1,,
9f238997-8802-560a-a7d5-abd4e3dbc9bc#0,9f238997-8802-560a-a7d5-abd4e3dbc9bc,it,Latn,PERSON_NAME,Giulia Costa,"Record for Giulia Costa, Insurance Policy Number: POL-4077266, contact giulia.costa",8.375e-05,0,stratified,1,1,,
9f3f2ce7-d812-5041-bd35-122de7359344#6,9f3f2ce7-d812-5041-bd35-122de7359344,en,Latn,ORGANIZATION_NAME,Sterling Cooper," 4651 Bank Account: 9415868168 Tax ID: 64-7132721 Employer: Sterling Cooper Address: 6343 Redwood Ave, Portland, MD 69034",0.00011622,0,stratified,1,1,,
9f6400bf-06a5-533a-b200-81ecc302973c#1,9f6400bf-06a5-533a-b200-81ecc302973c,ru,Cyrl,PIN,8415,"Record for Мария Лебедев, PIN: 8415, contact мария.лебедев61@protonmail.com. [#9305fef10aa1e920",0.00065703,0,stratified,1,1,,
9f95fc7f-cdfb-5b68-a63a-feeba09f58fb#1,9f95fc7f-cdfb-5b68-a63a-feeba09f58fb,bn,Beng,,DRVFCHWY,"Record for ইমরান আক্তার, Swift Bic Code: DRVFCHWY, contact ইমরান.আক্তার97@aol.com. [#f1a0a8955127e5b7-78]",0.00065703,1,stratified,1,1,SWIFT_BIC_CODE,
a016cb5b-b313-50e5-8a64-24d89f76193e#3,a016cb5b-b313-50e5-8a64-24d89f76193e,en,Latn,,774-47-3376,outlook.com) was seen today. Phone: +1 (230) 463-1632. SSN: 774-47-3376.,0.00011151,1,stratified,1,1,SOCIAL_SECURITY_NUMBER,
a14c941e-d459-5857-8a7b-f45a47203497#1,a14c941e-d459-5857-8a7b-f45a47203497,bn,Beng,COURT_CASE_NUMBER,2020-CIV-1964,"Record for ফাতেমা দাস, Court Case Number: 2020-CIV-1964, contact ফাতেমা.দাস36@protonmail.com. [#c3cac41ae37317fa-51",0.00132802,0,stratified,1,1,,
a309322a-1b56-5d44-a982-f59553cad975#3,a309322a-1b56-5d44-a982-f59553cad975,en,Latn,EDUCATION_LEVEL,High School,"an Thomas, 47271. Gender: Male. DOB: 2002-06-25. Education: High School. Job: Software Engineer. Marital Status: Married.",0.00426439,0,stratified,1,1,,
a34a83a7-cdd2-557c-9898-94cc9d9be89a#1,a34a83a7-cdd2-557c-9898-94cc9d9be89a,en,Latn,LATITUDE_LONGITUDE,"-24.3687, -64.5717","Record for Sandra Allen, Latitude Longitude: -24.3687, -64.5717, contact sandra.allen26@protonmail.com. [#75f70a20ec51f5e7-",0.00265604,0,stratified,1,1,,
a3af2882-b5ad-5bf6-a95e-5b25c3422645#0,a3af2882-b5ad-5bf6-a95e-5b25c3422645,en,Latn,PERSON_NAME,Donna Brown,RAG Retrieved Context: --- Employee Donna Brown (ID: MRN-8711486) reported to donna.brown96@protonmail.com.,8.375e-05,0,stratified,1,1,,
a4287432-22f9-5a75-91f1-ed13195b934d#1,a4287432-22f9-5a75-91f1-ed13195b934d,pt,Latn,MEDICATION_NAME,Gabapentin 300mg,"Record for Miguel Oliveira, Medication Name: Gabapentin 300mg, contact miguel.oliveira7@mail.com. [#75469898717a181d-525]",0.00026338,0,stratified,1,1,,
a42f274a-0d36-5f15-a209-591762886c8b#1,a42f274a-0d36-5f15-a209-591762886c8b,he,Hebr,DEA_NUMBER,KV5968313,"Record for דוד ביטון, DEA: KV5968313, contact דוד.ביטון35@hotmail.com. [#dd83d09cb904a5b3-559]",0.00132802,0,stratified,1,1,,
a451b76e-4364-5c60-b054-457c36f6e6a4#5,a451b76e-4364-5c60-b054-457c36f6e6a4,nl,Latn,ORGANIZATION_NAME,Weyland Industries,"359. Adres: 8459 Dogwood Drive, Madison, MI 18359. Bedrijf: Weyland Industries.",0.00011622,0,stratified,1,1,,
a4693c64-6e69-58aa-be82-8e3fcbccacc5#4,a4693c64-6e69-58aa-be82-8e3fcbccacc5,en,Latn,BAR_NUMBER,TX-308711,ied Shorthand Reporter  EXAMINATION BY Susan Young (Bar No. TX-308711):  Q: Please state your full name for the record. A: Paul M,0.00036284,0,stratified,1,1,,
a49d73c5-d439-5753-9fb9-cef8df348c5f#1,a49d73c5-d439-5753-9fb9-cef8df348c5f,nl,Latn,PASSWORD,aiFdBe%1LRt@NU5,"Record for Dirk Bos, Password: aiFdBe%1LRt@NU5, contact dirk.bos40@gmail.com. [#1343bd074f21c7da-1150]",0.00029871,0,stratified,1,1,,
a52e02a6-9bfc-5e77-9a8b-facddbf8ecd7#0,a52e02a6-9bfc-5e77-9a8b-facddbf8ecd7,ru,Cyrl,,Ольга Федоров,"Record for Ольга Федоров, Bank Account Number: 3645138387, contact ольга.федоров19@i",0.00011914,1,stratified,1,1,PERSON_NAME,
a6338791-a454-5796-a50c-522f49a65f9b#1,a6338791-a454-5796-a50c-522f49a65f9b,el,Grek,PASSPORT_NUMBER,F33551269,"Record for Αικατερίνη Ιωάννου, Passport Number: F33551269, contact αικατερίνη.ιωάννου94@fastmail.com. [#c3822e76391c7",0.00065703,0,stratified,1,1,,
a692a520-d6e3-597f-8492-5c5446fb121b#2,a692a520-d6e3-597f-8492-5c5446fb121b,en,Latn,,4,"ws 4111-1111-1111-1111. Record shows $120,000. Record shows 4. Record shows jsmith42. Record shows 2023 Toyota Camry. Rec",0.01,1,stratified,1,1,AGE,
a699eaad-431b-5052-b64b-e21524745f2d#1,a699eaad-431b-5052-b64b-e21524745f2d,bn,Beng,CREDIT_CARD_NUMBER,5035 3691 7230 6312,"Record for নুসরাত রায়, Credit Card Number: 5035 3691 7230 6312, contact নুসরাত.রায়17@icloud.com. [#a6013a4ced89ac3e-1187]",0.00065703,0,stratified,1,1,,
a6e38106-03f4-5f9a-abc4-4d1811cf0ada#0,a6e38106-03f4-5f9a-abc4-4d1811cf0ada,he,Hebr,,דוד שפירא,"Record for דוד שפירא, IBAN: DE62693317651798587000, contact דוד.שפירא84@zoho.com",0.00012089,1,stratified,1,1,PERSON_NAME,
a7065dd1-7d36-5e8b-af20-1652d1be8953#2,a7065dd1-7d36-5e8b-af20-1652d1be8953,ja,Jpan,EMAIL_ADDRESS,隆.伊藤64@icloud.com," for 隆 伊藤, Credit Card Number: 5431 8211 9394 5553, contact 隆.伊藤64@icloud.com. [#f611210209f3ed8d-247]",8.747e-05,0,stratified,1,1,,
a7080cbc-a84f-5ddf-9bbd-a4f41485d71c#0,a7080cbc-a84f-5ddf-9bbd-a4f41485d71c,nl,Latn,PERSON_NAME,Johanna Jansen,"Record for Johanna Jansen, Salary: $75,000, contact johanna.jansen90@outlook.com. [#6",8.375e-05,0,stratified,1,1,,
a76fcb4e-add0-5448-aa67-a36fce899c5c#1,a76fcb4e-add0-5448-aa67-a36fce899c5c,ru,Cyrl,SOCIAL_SECURITY_NUMBER,633-76-3336,"Record for Ирина Волков, SSN: 633-76-3336, contact ирина.волков96@outlook.com. [#3e081fd30e9ec628-272",0.00055127,0,stratified,1,1,,
a7832cc2-69fd-5f3b-9492-f2b0a36777fe#1,a7832cc2-69fd-5f3b-9492-f2b0a36777fe,el,Grek,,9757524605,"Record for Κωνσταντίνος Νικολάου, Bank Account Number: 9757524605, contact κωνσταντίνος.νικολάου20@zoho.com. [#b8ef304db4b36e",0.00065703,1,stratified,1,1,BANK_ACCOUNT_NUMBER,
a949a3af-5969-598b-8b34-b1a0ad558dce#2,a949a3af-5969-598b-8b34-b1a0ad558dce,fr,Latn,EMAIL_ADDRESS,michel.thomas51@gmail.com,"ichel Thomas, Insurance Policy Number: POL-3379209, contact michel.thomas51@gmail.com. [#5e889d8ac1b42d3a-477]",8.538e-05,0,stratified,1,1,,
a9cbe716-f694-5682-9157-c4da97b743dd#2,a9cbe716-f694-5682-9157-c4da97b743dd,nl,Latn,,gerrit.mulder29@mail.com," Gerrit Mulder, Medical Record Number: MRN-7007341, contact gerrit.mulder29@mail.com. [#e76e567244cac15d-258]",8.538e-05,1,stratified,1,1,EMAIL_ADDRESS,
a9eb5a78-1b95-593b-895d-07e4c97e352b#1,a9eb5a78-1b95-593b-895d-07e4c97e352b,it,Latn,,sk-9XPdQmuvAFdDHBLw47cwLPO4fF7NbkRF,"Record for Chiara Greco, API key: sk-9XPdQmuvAFdDHBLw47cwLPO4fF7NbkRF, contact chiara.greco36@aol.com. [#164551ef4e300d6f-33]",0.0002978,1,stratified,1,1,API_KEY,
aa3100ea-74e3-5742-850e-ec9fa0fb007c#1,aa3100ea-74e3-5742-850e-ec9fa0fb007c,el,Grek,,4808,"Record for Κωνσταντίνος Ιωάννου, PIN: 4808, contact κωνσταντίνος.ιωάννου12@gmail.com. [#dd9032b13b5e72",0.00065703,1,stratified,1,1,PIN,
aa354db7-957b-55c3-b6dc-37b7a7249efc#2,aa354db7-957b-55c3-b6dc-37b7a7249efc,hi,Deva,,arun.agarwal81@mail.com,"n Agarwal, Credit Card Number: 6011 8410 3353 0448, contact arun.agarwal81@mail.com. [#13ccc15815142a0d-1173]",0.00010001,1,stratified,1,1,EMAIL_ADDRESS,
aa460540-643d-593f-81c2-4141fbe9e310#0,aa460540-643d-593f-81c2-4141fbe9e310,bn,Beng,PERSON_NAME,রহিম ইসলাম,"Record for রহিম ইসলাম, Password: CE93OfazG2eE%, contact রহিম.ইসলাম31@mail.com. [#",0.00012088,0,stratified,1,1,,
aa46672c-e71b-5a80-9d05-4a08ab461a02#1,aa46672c-e71b-5a80-9d05-4a08ab461a02,fr,Latn,,4345795505,"Record for Isabelle Thomas, Bank Account Number: 4345795505, contact isabelle.thomas44@outlook.com. [#6d3d325d452ecae4-",0.00016722,1,stratified,1,1,BANK_ACCOUNT_NUMBER,
aa8200f3-cf9f-559e-bf74-98bda35d4e74#1,aa8200f3-cf9f-559e-bf74-98bda35d4e74,bn,Beng,INVOICE_NUMBER,INV-244967,"Record for নাসরিন হোসেন, Invoice Number: INV-244967, contact নাসরিন.হোসেন94@gmail.com. [#6b24913aae2905dd-729]",0.00065703,0,stratified,1,1,,
aaac5922-9b35-5c1b-9fa6-835c5c27b6ed#1,aaac5922-9b35-5c1b-9fa6-835c5c27b6ed,bn,Beng,BAR_NUMBER,BAR-717861,"Record for করিম ইসলাম, Bar Number: BAR-717861, contact করিম.ইসলাম41@hotmail.com. [#55db6c23f51af47f-279]",0.00132802,0,stratified,1,1,,
abc07ee6-9118-54f3-99f4-0b82e2e6ad29#5,abc07ee6-9118-54f3-99f4-0b82e2e6ad29,en,Latn,,European,"field, IL 62701. Reach out at +1 415-555-0100. Record shows European. Record shows CHASUS33. Record shows AB1234567. Record show",0.00455581,1,stratified,1,1,ETHNICITY,
acb6389f-fbb6-5194-9820-f25ed020dac4#1,acb6389f-fbb6-5194-9820-f25ed020dac4,ru,Cyrl,SWIFT_BIC_CODE,AKDCJPL9,"Record for Светлана Сидоров, Swift Bic Code: AKDCJPL9, contact светлана.сидоров97@zoho.com. [#68c11cd6d4d6bc97-13",0.00065703,0,stratified,1,1,,
aced3864-61a6-52c3-a365-c599da065479#0,aced3864-61a6-52c3-a365-c599da065479,he,Hebr,PERSON_NAME,תמר גבאי,"Record for תמר גבאי, NPI: 1830093847, contact תמר.גבאי78@protonmail.com. [#1b87",0.00012089,0,stratified,1,1,,
ad38b4ab-d922-5eef-97fd-563726b7c8b5#1,ad38b4ab-d922-5eef-97fd-563726b7c8b5,en,Latn,TAX_ID,33-4​32​8198,"Record for Brian Lee, Tax Id: 33-4​32​8198, contact brian.lee51@aol.com. [#e7afaecd5c933bc4-306]",0.00028547,0,stratified,1,1,,
ad398647-f47a-50dc-8dc6-a746594a47b8#9,ad398647-f47a-50dc-8dc6-a746594a47b8,en,Latn,DRIVER_LICENSE_NUMBER,WO-197510,ICATION: Passport: X26927525 - verified ✓ Driver's License: WO-197510 - verified ✓ Address proof: utility bill matches ✓  EMPLOYM,0.00025502,0,stratified,1,1,,
ad47633e-417c-56d8-9968-a9debb76add3#1,ad47633e-417c-56d8-9968-a9debb76add3,fr,Latn,API_KEY,sk-hYuUENXDgFDjgPNLK1m5OBN4ViPtEmSw,"Record for Jean Petit, API key: sk-hYuUENXDgFDjgPNLK1m5OBN4ViPtEmSw, contact jean.petit48@aol.com. [#61600c5c0bfa089c-630]",0.0002978,0,stratified,1,1,,
adc0ed87-e3b3-5ae6-86c3-ce5d6ea7ae77#1,adc0ed87-e3b3-5ae6-86c3-ce5d6ea7ae77,he,Hebr,PASSPORT_NUMBER,T63725618,"Record for יונתן פרץ, Passport Number: T63725618, contact יונתן.פרץ82@aol.com. [#3b9ffa329078bdf6-740]",0.00065703,0,stratified,1,1,,
ae1b8325-a3c2-556d-80f5-df8c353474e8#0,ae1b8325-a3c2-556d-80f5-df8c353474e8,en,Latn,POSTAL_CODE,63947,"Resident: Emma Garcia, 63947. Gender: Male. DOB: 1979-01-24. Education: PhD. Job: Produc",0.00265604,0,stratified,1,1,,
ae397c67-984c-5422-a3ed-dab810339b63#2,ae397c67-984c-5422-a3ed-dab810339b63,en,Latn,,Liberal,cord shows jsmith42. Record shows 192.168.1.1. Record shows Liberal. Record shows D123-4567-8901. Record shows HIN-456789. Reco,0.00456621,1,stratified,1,1,POLITICAL_OPINION,
ae67e059-5eb5-5abe-932e-7bee0cafec75#1,ae67e059-5eb5-5abe-932e-7bee0cafec75,en,Latn,BIOMETRIC_ID,BIO-E1547B0​2E0CB1​EC6,"Record for Daniel Gonzalez, Biometric Id: BIO-E1547B0​2E0CB1​EC6, contact daniel.gonzalez30@zoho.com. [#bad1dc3fc38835dc-176",0.00081766,0,stratified,1,1,,
af45a258-c752-5ed0-87e6-352e402d7f4a#1,af45a258-c752-5ed0-87e6-352e402d7f4a,th,Thai,CREDIT_CARD_NUMBER,4759 9366 5987 0792,"Record for ณัฐยา ศรีสาย, Credit Card Number: 4759 9366 5987 0792, contact ณัฐยา.ศรีสาย88@aol.com. [#968a0d53384b7108-498]",0.00065703,0,stratified,1,1,,
b016aea1-c113-573c-ba24-603442c0a3da#2,b016aea1-c113-573c-ba24-603442c0a3da,es,Latn,ORGANIZATION_NAME,Vandelay Industries,"INVOICE INV-359276 Date: 2023-03-03T06:37:00Z From: Vandelay Industries To: Isabel Hernández Address: 3127 Hickory Ln, Salem, WA 44",0.00011622,0,stratified,1,1,,
b08b0c6b-f632-5e96-876f-f466a715fa8a#0,b08b0c6b-f632-5e96-876f-f466a715fa8a,he,Hebr,PERSON_NAME,איתן פרידמן,"Record for איתן פרידמן, National Id Number: NID-341077915, contact איתן.פרידמן36@m",0.00012089,0,stratified,1,1,,
b0a73926-9a76-53d3-a0cf-35822798aa8a#1,b0a73926-9a76-53d3-a0cf-35822798aa8a,bn,Beng,API_KEY,sk-FNioTySfEdKbwpsBvzWSzcIeylalK7NU,"Record for রাকিব দাস, API key: sk-FNioTySfEdKbwpsBvzWSzcIeylalK7NU, contact রাকিব.দাস26@fastmail.com. [#c5ff2d129e33bf92-185]",0.00065703,0,stratified,1,1,,
b192c4a7-800f-5702-99b6-2e761e943252#6,b192c4a7-800f-5702-99b6-2e761e943252,it,Latn,MAC_ADDRESS,91:47:fd:69:1f:8b,9 DOB: 1979-04-28 | Phone: +44 20 7939 4939 Hotel WiFi MAC: 91:47:fd:69:1f:8b IBAN for travel expenses: GB79ABCD60340329 Routing: 7210309,0.00030769,0,stratified,1,1,,
b2015cec-e08e-5a44-85b9-d068dfa9aed2#1,b2015cec-e08e-5a44-85b9-d068dfa9aed2,el,Grek,PASSWORD,I1c1ZzyVpDHAsOpE,"Record for Σοφία Αθανασίου, Password: I1c1ZzyVpDHAsOpE, contact σοφία.αθανασίου39@fastmail.com. [#448909f7e99a30d9",0.00065703,0,stratified,1,1,,
b2160715-4576-55b4-be61-48bd46fc9cf7#1,b2160715-4576-55b4-be61-48bd46fc9cf7,it,Latn,IBAN,DE91014835865366186339,"Record for Lorenzo Ferrari, IBAN: DE91014835865366186339, contact lorenzo.ferrari67@aol.com. [#65d887ac738821eb-145]",0.00024825,0,stratified,1,1,,
b26d98bf-aecb-5e10-8e4c-2cb79b8896e7#1,b26d98bf-aecb-5e10-8e4c-2cb79b8896e7,en,Latn,,NUT member,"Record for Barbara Scott, Trade Union Membership: NUT member, contact barbara.scott11@protonmail.com. [#a9-TRAD-en-26]",0.00840336,1,stratified,1,1,TRADE_UNION_MEMBERSHIP,
b330008f-79e0-5a90-901f-be2a5ad8ab38#0,b330008f-79e0-5a90-901f-be2a5ad8ab38,en,Latn,PERSON_NAME,Christopher Davis,"Record for Christopher Davis, Bank Account Number: 954​097​3405, contact christopher.dav",8.375e-05,0,stratified,1,1,,
b35abfc2-051e-551d-95c2-ba3f2f995e2d#8,b35abfc2-051e-551d-95c2-ba3f2f995e2d,en,Latn,IP_ADDRESS,140.221.144.23,2024-07-26T17:21:00Z] Alert for Carol Thompson: access from 140.221.144.23 (MAC: a5:dc:d6:c7:ce:cd) [2021-07-02T01:19:00Z] Alert for C,0.00019761,0,stratified,1,1,,
b4d83b38-1246-56b3-a3f6-596df6c132d7#0,b4d83b38-1246-56b3-a3f6-596df6c132d7,nl,Latn,PERSON_NAME,Anna Smit,"Record for Anna Smit, Docket Number: 2023-6076-YV, contact anna.smit63@icloud.co",8.375e-05,0,stratified,1,1,,
b4df3d64-f150-5ab5-976a-c1bbb7ea02e6#1,b4df3d64-f150-5ab5-976a-c1bbb7ea02e6,pt,Latn,NATIONAL_ID_NUMBER,NID-857376583,"Record for Mariana Gomes, National Id Number: NID-857376583, contact mariana.gomes45@protonmail.com. [#776aeb2c6688e145",0.000262,0,stratified,1,1,,
b56b559a-0f9d-50f2-95ef-51742e1f63e3#2,b56b559a-0f9d-50f2-95ef-51742e1f63e3,bn,Beng,EMAIL_ADDRESS,শিরিন.চৌধুরী48@gmail.com,"Record for শিরিন চৌধুরী, Employee Id: EMP-60789, contact শিরিন.চৌধুরী48@gmail.com. [#1392d7740104b69-468]",0.00012131,0,stratified,1,1,,
b5928898-ffa4-55a3-86bf-4c9d6cae64ec#6,b5928898-ffa4-55a3-86bf-4c9d6cae64ec,fr,Latn,,NZCWJPS5," Wire to Oscorp Industries (NL61211604699132249237), SWIFT: NZCWJPS5 Invoice: INV-691870 Contact: +1 (728) 834-6782",0.00029553,1,stratified,1,1,SWIFT_BIC_CODE,
b5e3b839-63e1-5c1a-bf7d-a6d5fad2235e#2,b5e3b839-63e1-5c1a-bf7d-a6d5fad2235e,it,Latn,EMAIL_ADDRESS,luca.rossi24@gmail.com,"ossi, API key: sk-D81ud6v9cm2wexUaE2bhQRUlZSiu3Ja1, contact luca.rossi24@gmail.com. [#164551ef4e300d6f-1310]",8.538e-05,0,stratified,1,1,,
b5f7aaf6-4fd4-53a4-9b7b-52b9f1715831#1,b5f7aaf6-4fd4-53a4-9b7b-52b9f1715831,fr,Latn,BANK_ROUTING_NUMBER,331678574,"Record for Sophie Lefebvre, Bank Routing Number: 331678574, contact sophie.lefebvre50@hotmail.com. [#59fb1f95e2aea91c-",0.00025268,0,stratified,1,1,,
b71d1788-b3a3-521a-a263-1ca304d2f810#2,b71d1788-b3a3-521a-a263-1ca304d2f810,fr,Latn,,MRN-9046226,"ne CLINIC NOTE 2024-09-01T05:36:00Z  RE: Nicolas Petit, MRN MRN-9046226, DOB 1946-10-25 Attending: Isabelle Robert, NPI 1080407768 ",0.00019533,1,stratified,1,1,MEDICAL_RECORD_NUMBER,
b77dccfd-2778-53d3-97e8-c2f01a5cab57#1,b77dccfd-2778-53d3-97e8-c2f01a5cab57,it,Latn,,2020-2268-OI,"Record for Chiara Colombo, Docket Number: 2020-2268-OI, contact chiara.colombo91@aol.com. [#9b7c1bccbaf02652-677]",0.00041277,1,stratified,1,1,DOCKET_NUMBER,
b820dc9c-d793-5563-998f-74a5c821af2e#2,b820dc9c-d793-5563-998f-74a5c821af2e,ar,Arab,EMAIL_ADDRESS,مريم.الحسن72@icloud.com,"Record for مريم الحسن, Salary: $202,000, contact مريم.الحسن72@icloud.com. [#2043262dc8e9b119-297]",0.0001051,0,stratified,1,1,,
b960f328-5fda-5dc7-9674-3e06a371e4a7#1,b960f328-5fda-5dc7-9674-3e06a371e4a7,it,Latn,SALARY,"$137,000 ","Record for Luca Giordano, Salary: $137,000, contact luca.giordano23@protonmail.com. [#5d3a35416b8a8b62",0.00024164,0,stratified,1,1,,
b9c3ced3-0814-5809-ab2b-4308f9d7f098#1,b9c3ced3-0814-5809-ab2b-4308f9d7f098,fr,Latn,LICENSE_PLATE,XYX-5455,"Record for Catherine Moreau, License Plate: XYX-5455, contact catherine.moreau6@yahoo.com. [#15a08ea69c9d1c57-14",0.00045133,0,stratified,1,1,,
b9c54efe-2901-59eb-85ea-c5f7cb746777#1,b9c54efe-2901-59eb-85ea-c5f7cb746777,ru,Cyrl,BANK_ACCOUNT_NUMBER,1920836989,"Record for Иван Алексеев, Bank Account Number: 1920836989, contact иван.алексеев20@protonmail.com. [#a2949dd0f9dac08e",0.00063091,0,stratified,1,1,,
ba3e33f3-d9ec-549c-9dd1-e218faea9ed5#5,ba3e33f3-d9ec-549c-9dd1-e218faea9ed5,en,Latn,MEDICATION_NAME,Amlodipine 5mg," records.  PT: Yes, that's right.  DR: Are you still taking Amlodipine 5mg?  PT: Yes, I take it at bedtime.  DR: Good. Based on the ex",0.00026338,0,stratified,1,1,,
baebe335-0da8-5566-9862-869df4ec3dca#2,baebe335-0da8-5566-9862-869df4ec3dca,he,Hebr,EMAIL_ADDRESS,נועה.לוי92@fastmail.com,"Record for נועה לוי, Tax Id: 51-9135285, contact נועה.לוי92@fastmail.com. [#79ee55565a3ecce6-124]",0.00012131,0,stratified,1,1,,
bb5dd388-c3fd-5291-a19a-301fa14297bd#2,bb5dd388-c3fd-5291-a19a-301fa14297bd,de,Latn,EMAIL_ADDRESS,monika.schmidt45@icloud.com,"rd for Monika Schmidt, Procedure Name: Chest X-Ray, contact monika.schmidt45@icloud.com. [#47a54e27aeacadbe-4]",8.538e-05,0,stratified,1,1,,
bbafd05f-8080-56ee-b4f8-32fb0da74470#1,bbafd05f-8080-56ee-b4f8-32fb0da74470,ru,Cyrl,CREDIT_CARD_NUMBER,6011 0973 8122 8321,"Record for Елена Попов, Credit Card Number: 6011 0973 8122 8321, contact елена.попов70@protonmail.com. [#979ba3f966d8c4de-2",0.00064683,0,stratified,1,1,,
bdbe1275-7349-5637-a7b7-dd3621fea4ce#1,bdbe1275-7349-5637-a7b7-dd3621fea4ce,en,Latn,,MTk1Mw==,"Record for Matthew Hernandez, PIN: MTk1Mw==, contact matthew.hernandez67@aol.com. [#5741dd12fdc1dbcd-23",0.00031029,1,stratified,1,1,PIN,
be315048-0ba8-5236-9b7c-b0fe6a3da312#1,be315048-0ba8-5236-9b7c-b0fe6a3da312,bn,Beng,TAX_ID,32-5501851,"Record for নুসরাত রায়, Tax Id: 32-5501851, contact নুসরাত.রায়41@outlook.com. [#491c2eda575e8653-1490",0.00065703,0,stratified,1,1,,
be92f942-b8ef-5fa0-98bf-47373167c7b9#4,be92f942-b8ef-5fa0-98bf-47373167c7b9,fr,Latn,,Initech Solutions,21) and Nicolas Michel (MRN: MRN-5289896) are registered at Initech Solutions. Marie's diagnosis is Generalized Anxiety Disorder while Ni,0.00011622,1,stratified,1,1,ORGANIZATION_NAME,
bf0f6f3f-9a6b-5b8d-90bd-76296a5080de#1,bf0f6f3f-9a6b-5b8d-90bd-76296a5080de,fr,Latn,,ZO-822574,"Record for Alain Garcia, Driver License Number: ZO-822574, contact alain.garcia53@outlook.com. [#61586a10f846ee78-102",0.00025502,1,stratified,1,1,DRIVER_LICENSE_NUMBER,
bfc127f4-2697-50cc-a1e6-81254ddf8df3#1,bfc127f4-2697-50cc-a1e6-81254ddf8df3,en,Latn,SOCIAL_MEDIA_HANDLE,@sam2428,"Record for Steven Taylor, Social Media Handle: @sam2428, contact steven.taylor48@aol.com. [#85b01e5b6d583a8f-523]",0.00265604,0,stratified,1,1,,
c0280aac-b34d-5f34-8729-9e639416899a#2,c0280aac-b34d-5f34-8729-9e639416899a,en,Latn,PHONE_NUMBER,+1 (737) 579-8396,"Dorothy Smith|dorothy.smith60@mail.com|+1 (737) 579-8396|201-58-3546|9455 Spruce Ave, Franklin, GA 88084|2002-04-17|",9.813e-05,0,stratified,1,1,,
c12b2b4a-5d58-5dfd-b16e-553eef7f850f#1,c12b2b4a-5d58-5dfd-b16e-553eef7f850f,it,Latn,API_KEY,sk-7V4gSSgB3sb2kthx4U4EpkUmxhsBvFI6,"Record for Francesca Colombo, API key: sk-7V4gSSgB3sb2kthx4U4EpkUmxhsBvFI6, contact francesca.colombo80@aol.com. [#164551ef4e300d6f-12",0.0002978,0,stratified,1,1,,
c17095f8-0e68-5e12-82d9-ad0a377a4fd8#1,c17095f8-0e68-5e12-82d9-ad0a377a4fd8,el,Grek,TAX_ID,48-2293479,"Record for Δημήτριος Αντωνίου, Tax Id: 48-2293479, contact δημήτριος.αντωνίου99@protonmail.com. [#f89b5e5153f",0.00065703,0,stratified,1,1,,
c1a3000f-0d3c-5f5d-9336-292b7611f15d#1,c1a3000f-0d3c-5f5d-9336-292b7611f15d,bn,Beng,PASSPORT_NUMBER,C19017201,"Record for নাসরিন দাস, Passport Number: C19017201, contact নাসরিন.দাস64@yahoo.com. [#ec4b66e9448adcf9-246]",0.00065703,0,stratified,1,1,,
c22c7f12-b329-5947-b771-814bd86c94ca#1,c22c7f12-b329-5947-b771-814bd86c94ca,es,Latn,INSURANCE_POLICY_NUMBER,POL-4204046,"Record for Pedro Martínez, Insurance Policy Number: POL-4204046, contact pedro.martínez58@hotmail.com. [#1c98c8a2b4e62db8-1",0.00028345,0,stratified,1,1,,
c3bc643b-a640-5c91-b0a4-8915dadfc26c#7,c3bc643b-a640-5c91-b0a4-8915dadfc26c,en,Latn,STREET_ADDRESS,"4073 Willow Dr, Riverside, GA 51611"," birth? A: 1972-04-21.  Q: What is your current address? A: 4073 Willow Dr, Riverside, GA 51611.  Q: And the best phone number to reach you? A: +1 (868) 82",0.00012576,0,stratified,1,1,,
c3cbdbcd-f001-51fd-8d7c-302b0ba05eee#2,c3cbdbcd-f001-51fd-8d7c-302b0ba05eee,hi,Deva,EMAIL_ADDRESS,anjali.kumar29@icloud.com,"Record for Anjali Kumar, DEA: XP1316691, contact anjali.kumar29@icloud.com. [#273a35edd60cdd75-501]",0.00010001,0,stratified,1,1,,
c4dcdd30-21d9-5857-b4c1-6cf354b92a52#1,c4dcdd30-21d9-5857-b4c1-6cf354b92a52,he,Hebr,SOCIAL_SECURITY_NUMBER,384-80-3876,"Record for דניאל שפירא, SSN: 384-80-3876, contact דניאל.שפירא31@zoho.com. [#31cb3ee04706e152-904]",0.00065703,0,stratified,1,1,,
c71e39eb-9cb2-5626-8443-5c2ac86320bc#2,c71e39eb-9cb2-5626-8443-5c2ac86320bc,th,Thai,EMAIL_ADDRESS,ณัฐยา.เจริญผล7@aol.com,"ญผล, Procedure Name: Comprehensive Metabolic Panel, contact ณัฐยา.เจริญผล7@aol.com. [#c5f9b88b9c573e0-279]",0.00012162,0,stratified,1,1,,
c79a8b0b-dd06-56c0-abb2-3209f2659b2b#1,c79a8b0b-dd06-56c0-abb2-3209f2659b2b,es,Latn,BANK_ROUTING_NUMBER,438392547,"Record for Patricia Flores, Bank Routing Number: 438392547, contact patricia.flores71@zoho.com. [#af18671293909382-103",0.00025268,0,stratified,1,1,,
c88d57b2-98a3-5bee-9de1-2ed04492a3fa#7,c88d57b2-98a3-5bee-9de1-2ed04492a3fa,it,Latn,IBAN,GB49ABCD60339009,Hotel WiFi MAC: 29:ef:b5:41:07:93 IBAN for travel expenses: GB49ABCD60339009 Routing: 421030819 Email: francesca.esposito19@outlook.it |,0.00024825,0,stratified,1,1,,
c8c7810f-22cb-5ecc-8c7c-442ff6f3482d#2,c8c7810f-22cb-5ecc-8c7c-442ff6f3482d,en,Latn,MAC_ADDRESS,34:ac:24:14:8c:7c,] User: larryramirez628 (Larry Ramirez) Primary device MAC: 34:ac:24:14:8c:7c Secondary device MAC: f4:e4:4c:c4:2c:1c Network IP: 118.188,0.00030769,0,stratified,1,1,,
cad3ea21-8a60-506f-97cb-c13300394144#0,cad3ea21-8a60-506f-97cb-c13300394144,en,Latn,PERSON_NAME,Andrew Martinez,"Record for Andrew Martinez, CVV: OTk2, contact andrew.martinez7@outlook.com. [#8833c5a",8.375e-05,0,stratified,1,1,,
cb4be08d-25d4-5f75-b7d7-00e5b9cb350c#1,cb4be08d-25d4-5f75-b7d7-00e5b9cb350c,nl,Latn,CREDIT_CARD_NUMBER,4267 0986 2005 8707,"Record for Jan de Jong, Credit Card Number: 4267 0986 2005 8707, contact jan.jong62@hotmail.com. [#aa7bb59e5f2e076c-501]",0.00020098,0,stratified,1,1,,
cb7721b7-4e6b-551a-9547-6bb13fbceb64#0,cb7721b7-4e6b-551a-9547-6bb13fbceb64,ru,Cyrl,,Иван Козлов,"Record for Иван Козлов, National Id Number: NID-535429915, contact иван.козлов58@i",0.00011914,1,stratified,1,1,PERSON_NAME,
cb8c6d98-8ae9-5ff7-b537-7fb44140c59a#11,cb8c6d98-8ae9-5ff7-b537-7fb44140c59a,ko,Kore,,seoyeon.shin95@naver.com,cantly improved team velocity. Email correspondence between seoyeon.shin95@naver.com and catherine.cook75@gmail.com confirms the positive trajec,0.00010027,1,stratified,1,1,EMAIL_ADDRESS,
cbd1e1d9-c976-5e31-93ba-9c9970a6e7ea#0,cbd1e1d9-c976-5e31-93ba-9c9970a6e7ea,ko,Kore,PERSON_NAME,지훈 서,"Record for 지훈 서, PIN: 2737, contact 지훈.서86@fastmail.com. [#60dbc4370f52ced0",9.683e-05,0,stratified,1,1,,
cc22a4c6-65ca-5244-9cf7-19f3b18d549e#1,cc22a4c6-65ca-5244-9cf7-19f3b18d549e,en,Latn,AGE,32,"Record shows 40.7128° N, 74.0060° W. Record shows 32. Record shows A12345678. Located at 123 Main St, Springfiel",0.01,0,stratified,1,1,,
cd276ed1-34f7-53c7-b13f-7b41be352c32#0,cd276ed1-34f7-53c7-b13f-7b41be352c32,th,Thai,PERSON_NAME,ขวัญชัย จิรายุ,"Record for ขวัญชัย จิรายุ, Job Title: Financial Advisor, contact ขวัญชัย.จิรายุ57@mai",0.00012123,0,stratified,1,1,,
cd7b2acc-59c8-5d80-84cc-0b8882aac1f5#0,cd7b2acc-59c8-5d80-84cc-0b8882aac1f5,bn,Beng,PERSON_NAME,আরিফ রহমান,"Record for আরিফ রহমান, SSN: 640-33-4769, contact আরিফ.রহমান66@aol.com. [#50f9f484",0.00012088,0,stratified,1,1,,
cdbb8270-4a3a-5be2-9b90-0f43daa7f74b#0,cdbb8270-4a3a-5be2-9b90-0f43daa7f74b,de,Latn,PERSON_NAME,Klaus Müller,"Record for Klaus Müller, Driver License Number: BT-923173, contact klaus.müller55@a",8.375e-05,0,stratified,1,1,,
ce2fc935-b3d7-5898-8903-dd3227aff58f#2,ce2fc935-b3d7-5898-8903-dd3227aff58f,en,Latn,AGE,32,Record shows Liberal. Record shows ABC 1234. Record shows 32. Record shows HIN-456789. Record shows 12345678. Record sho,0.01,0,stratified,1,1,,
ce4c9e8b-aaae-5081-a41a-4a32475df354#1,ce4c9e8b-aaae-5081-a41a-4a32475df354,fr,Latn,CREDIT_CARD_NUMBER,3700 0817 5151 4009,"Record for Michel Garcia, Credit Card Number: 3700 0817 5151 4009, contact michel.garcia66@fastmail.com. [#8627ec81faaa74ce-1",0.00020098,0,stratified,1,1,,
ce7e1f8c-9fc1-53d0-bb71-817374154287#5,ce7e1f8c-9fc1-53d0-bb71-817374154287,en,Latn,EMPLOYEE_ID,EMP-90405,"jackson85@aol.com,+1 (855) 329-8356,334-82-9337,Engineering EMP-90405,Patricia Flores,patricia.flores53@fastmail.com,+1 (429) 328",0.00019942,0,stratified,1,1,,
ceb9282e-714d-56f5-9fb8-bd92ecef9e51#1,ceb9282e-714d-56f5-9fb8-bd92ecef9e51,he,Hebr,BAR_NUMBER,BAR-718123,"Record for מיכל שפירא, Bar Number: BAR-718123, contact מיכל.שפירא29@icloud.com. [#979ddbbde5ffec65-725]",0.00132802,0,stratified,1,1,,
cf002542-260a-5f38-b237-be58961da7e4#13,cf002542-260a-5f38-b237-be58961da7e4,es,Latn,,+1 (321) 247-4373,MENDATION: We recommend promotion for Laura Garcia. Contact +1 (321) 247-4373 or lgarcia@sterlingcooper.com for scheduling the review mee,9.813e-05,1,stratified,1,1,PHONE_NUMBER,
d04d42e5-77b5-5a32-88fb-e56ff0753fca#1,d04d42e5-77b5-5a32-88fb-e56ff0753fca,en,Latn,SOCIAL_MEDIA_HANDLE,@sam5780,"Record for Timothy Lee, Social Media Handle: @sam5780, contact timothy.lee43@gmail.com. [#85b01e5b6d583a8f-322]",0.00265604,0,stratified,1,1,,
d0c65104-5450-5c1d-8070-284cb82eac22#1,d0c65104-5450-5c1d-8070-284cb82eac22,fr,Latn,SWIFT_BIC_CODE,GNSRGBOD,"Record for Sylvie Durand, Swift Bic Code: GNSRGBOD, contact sylvie.durand54@icloud.com. [#7483e9f37c1527bb-109",0.00029553,0,stratified,1,1,,
d13651b1-c57e-5041-b97c-03cbfed47738#1,d13651b1-c57e-5041-b97c-03cbfed47738,es,Latn,PIN,6069,"Record for Marta Díaz, PIN: 6069, contact marta.díaz3@fastmail.com. [#790f859c09e06983-552]",0.00031029,0,stratified,1,1,,
d14d572e-acc1-5ea6-85d2-2a6f28a7a081#2,d14d572e-acc1-5ea6-85d2-2a6f28a7a081,en,Latn,PHONE_NUMBER,+1 (679) 758-1642,Emily Jackson - em4il: emily.jackson15@hotmail.com - ph0ne: +1 (679) 758-1642 - s0cial: 134-66-1294,9.813e-05,0,stratified,1,1,,
d168b499-ddb2-56f0-84ad-ff7d6355e15e#6,d168b499-ddb2-56f0-84ad-ff7d6355e15e,en,Latn,SALARY,"$237,000 ","eview portfolio allocation. Client reports annual income of $237,000 from InGen. Risk tolerance: moderate. Current allocation: 6",0.00024164,0,stratified,1,1,,
d25e1071-2fbd-5e54-8351-2df22445015c#8,d25e1071-2fbd-5e54-8351-2df22445015c,en,Latn,EMPLOYEE_ID,EMP-36843,"43""/>   </patient>   <employer name=""Umbrella Group"" empid=""EMP-36843""/> </record>",0.00019942,0,stratified,1,1,,
d2713494-0c3c-5059-ae5d-2c51604341d2#2,d2713494-0c3c-5059-ae5d-2c51604341d2,it,Latn,PHONE_NUMBER,+39 703-950-384,Contattare Silvia Rossi a silvia.rossi@example.com (+39 703-950-384). Lavora presso NexGen Solutions.,9.813e-05,0,stratified,1,1,,
d3bcc31a-709a-591f-a16f-b35bb25da311#3,d3bcc31a-709a-591f-a16f-b35bb25da311,en,Latn,MARITAL_STATUS,Married,"mple.com/user?id=12345&email=john@example.com. Record shows Married. Record shows $120,000. Record shows CHASUS33. Record shows",0.004329,0,stratified,1,1,,
d44071a8-e779-5d07-ba37-bac9583d3ab3#1,d44071a8-e779-5d07-ba37-bac9583d3ab3,he,Hebr,,3742 5334 8046 8447,"Record for תמר ביטון, Credit Card Number: 3742 5334 8046 8447, contact תמר.ביטון31@yahoo.com. [#2761e13a11f5f7ff-225]",0.00065703,1,stratified,1,1,CREDIT_CARD_NUMBER,
d47da9b0-8143-5ded-a5ec-9c85a9f77c2c#1,d47da9b0-8143-5ded-a5ec-9c85a9f77c2c,pt,Latn,HEALTH_INSURANCE_ID,INS-152899133,"Record for Catarina Santos, Health Insurance Id: INS-152899133, contact catarina.santos72@protonmail.com. [#e78f569308221f",0.00027964,0,stratified,1,1,,
d53cb3c2-d290-580f-9808-7603418554e3#0,d53cb3c2-d290-580f-9808-7603418554e3,cs,Latn,TIMESTAMP,2022-08-08T03:02:00Z,[2022-08-08T03:02:00Z] Ashley Garcia logged in from 136.8.193.116. Email: ashley.,0.00014064,0,stratified,1,1,,
d592555b-ccd3-50e2-b679-6b8a9bd582b9#1,d592555b-ccd3-50e2-b679-6b8a9bd582b9,bn,Beng,DOCKET_NUMBER,2020-2957-QG,"Record for আরিফ খান, Docket Number: 2020-2957-QG, contact আরিফ.খান30@aol.com. [#e7c54a300e1b8cae-618]",0.00132802,0,stratified,1,1,,
d6609923-d38c-5610-8297-25b299697115#5,d6609923-d38c-5610-8297-25b299697115,en,Latn,RELIGIOUS_BELIEF,Christian,"567. Record shows European. Record shows Male. Record shows Christian. Contact John Smith for details. Located at 123 Main St, Sp",0.00456621,0,stratified,1,1,,
d71c39fe-2489-5a00-ba24-a31688e18fdb#1,d71c39fe-2489-5a00-ba24-a31688e18fdb,it,Latn,PASSWORD,VG%Yc8rhjP,"Record for Marco Romano, Password: VG%Yc8rhjP, contact marco.romano98@aol.com. [#79b5cdffe67d5d30-885]",0.00029871,0,stratified,1,1,,
d77dae67-900b-5d81-81d7-78f6cc9465b5#1,d77dae67-900b-5d81-81d7-78f6cc9465b5,th,Thai,CVV,823,"Record for ขวัญชัย บุนนาค, CVV: 823, contact ขวัญชัย.บุนนาค7@aol.com. [#46a1b11ed7c5c173-477]",0.00065703,0,stratified,1,1,,
d7e95653-f56a-51b3-80b9-d2629f6f6e0b#0,d7e95653-f56a-51b3-80b9-d2629f6f6e0b,pt,Latn,,Catarina Rodrigues,"Record for Catarina Rodrigues, Court Case Number: 2020-CR-4332, contact catarina.rodrigue",8.375e-05,1,stratified,1,1,PERSON_NAME,
d82f23ff-cef5-511d-92cd-dd7476b2d672#16,d82f23ff-cef5-511d-92cd-dd7476b2d672,en,Latn,PERSON_NAME,Sandra Williams,a Thompson submitted the complaint to Black Mesa Research.  Sandra Williams: No further questions at this time. Sandra Flores: We reser,8.375e-05,0,stratified,1,1,,
d8319cda-4f1a-55f7-a7c4-21e6cf875101#2,d8319cda-4f1a-55f7-a7c4-21e6cf875101,el,Grek,,αναστασία.δημητρίου9@mail.com,"στασία Δημητρίου, Court Case Number: 2023-CIV-8406, contact αναστασία.δημητρίου9@mail.com. [#cb88d953cd6a349b-64]",0.00012135,1,stratified,1,1,EMAIL_ADDRESS,
d8aefe29-5e46-5923-b182-904831776879#2,d8aefe29-5e46-5923-b182-904831776879,ko,Kore,EMAIL_ADDRESS,윤서.박47@protonmail.com,"Record for 윤서 박, DOB: 1980-04-04, contact 윤서.박47@protonmail.com. [#c4c711fcfab04c19-377]",0.00010027,0,stratified,1,1,,
d91bf4f8-27d5-5399-875a-5f86977d3f75#2,d91bf4f8-27d5-5399-875a-5f86977d3f75,el,Grek,EMAIL_ADDRESS,δήμητρα.γεωργίου1@aol.com,"d for Δήμητρα Γεωργίου, Location Name: Springfield, contact δήμητρα.γεωργίου1@aol.com. [#5718bc6bc466de79-364]",0.00012135,0,stratified,1,1,,
d9636b0f-6e22-5f8e-8697-2ee08127cda2#1,d9636b0f-6e22-5f8e-8697-2ee08127cda2,he,Hebr,DOCKET_NUMBER,2026-9279-YH,"Record for אברהם מזרחי, Docket Number: 2026-9279-YH, contact אברהם.מזרחי55@outlook.com. [#eb84db23dcf8be2f-108]",0.00132802,0,stratified,1,1,,
d99bf9fd-8476-525e-8d05-48b57f4fa61b#1,d99bf9fd-8476-525e-8d05-48b57f4fa61b,he,Hebr,INVOICE_NUMBER,INV-553111,"Record for מיכל שפירא, Invoice Number: INV-553111, contact מיכל.שפירא7@icloud.com. [#1610d9da0da865b0-1332]",0.00065703,0,stratified,1,1,,
d9c60951-88e2-515e-a4ec-587a4fb96a5a#1,d9c60951-88e2-515e-a4ec-587a4fb96a5a,en,Latn,TIMESTAMP,2023-10-22T18:25:00Z,INVOICE INV-293517 Date: 2023-10-22T18:25:00Z From: Black Mesa Research To: Amanda Torres Address: 9213 O,0.00014064,0,stratified,1,1,,
d9da58a5-c2d7-5da7-8648-99b1d6cea4d0#14,d9da58a5-c2d7-5da7-8648-99b1d6cea4d0,en,Latn,,rscott@dundermifflin.com,"nd promotion for Robert Scott. Contact +1 (618) 726-6834 or rscott@dundermifflin.com for scheduling the review meeting. Signed: Jack Campbell, +",8.538e-05,1,stratified,1,1,EMAIL_ADDRESS,
d9e9a7c6-a3c0-5da9-9c2c-08e099e4385b#5,d9e9a7c6-a3c0-5da9-9c2c-08e099e4385b,fr,Latn,TAX_ID,26-9557702," Card: 5561 6130 3379 4466 Bank Account: 7038815387 Tax ID: 26-9557702 Employer: Dunder Mifflin Address: 3518 Cherry Ln, Bristol, ",0.00028547,0,stratified,1,1,,
da1ed6ef-af0d-5a71-9c26-403e301201ef#2,da1ed6ef-af0d-5a71-9c26-403e301201ef,pt,Latn,EMAIL_ADDRESS,lucas.silva54@protonmail.com,"cord for Lucas Silva, IBAN: ES30661064409421911211, contact lucas.silva54@protonmail.com. [#e36a1db6aefd9bdc-804]",8.538e-05,0,stratified,1,1,,
da5a95c3-6e52-5a9a-a1af-b34fe4cb1a6c#4,da5a95c3-6e52-5a9a-a1af-b34fe4cb1a6c,en,Latn,PERSON_NAME,Mrs. Torres,thia Torres (SSN: 157-67-6457). Correspondence addressed to Mrs. Torres at cynthia.torres57@yahoo.com confirmed this. Nicole Diaz w,8.375e-05,0,stratified,1,1,,
da79df89-8df8-582e-bb4e-46abfbeb3ab4#3,da79df89-8df8-582e-bb4e-46abfbeb3ab4,de,Latn,SOCIAL_SECURITY_NUMBER,976-76-9076,"com, Telefon: +1 (676) 332-6988. Sozialversicherungsnummer: 976-76-9076. Adresse: 6376 Juniper Way, Burlington, OH 36076. Unternehm",0.00011151,0,stratified,1,1,,
dac9439e-71cc-53ea-a147-f9bd6005a7e3#0,dac9439e-71cc-53ea-a147-f9bd6005a7e3,he,Hebr,PERSON_NAME,Robert Jones,"{{""name"": ""Robert Jones"", ""email"": ""robert.jones24@outlook.com"", ""phone"": ""+1 (295)",0.00012089,0,stratified,1,1,,
db289117-4fd5-596d-8e97-600e78cd8ebd#1,db289117-4fd5-596d-8e97-600e78cd8ebd,el,Grek,SWIFT_BIC_CODE,HEEIFRA8,"Record for Παναγιώτης Νικολάου, Swift Bic Code: HEEIFRA8, contact παναγιώτης.νικολάου48@gmail.com. [#bf9c2f607524e2f",0.00065703,0,stratified,1,1,,
db665f51-aa7f-597b-8b65-d639ec8219f5#1,db665f51-aa7f-597b-8b65-d639ec8219f5,th,Thai,DATE_OF_BIRTH,12/10/58,"Record for มาลัย บุนนาค, DOB: 1958-12-10, contact มาลัย.บุนนาค30@protonmail.com. [#72814d7c81a588a4-",0.00132802,0,stratified,1,1,,
db96eac3-f939-5b5f-b9a3-ea8bffab929c#10,db96eac3-f939-5b5f-b9a3-ea8bffab929c,en,Latn,HEALTH_INSURANCE_ID,INS-927965017,stopher at +1 (328) 416-6351 if symptoms worsen. Insurance: INS-927965017,0.00027964,0,stratified,1,1,,
dba2e9db-1872-5a48-b29f-cc6a8ad0aeaf#1,dba2e9db-1872-5a48-b29f-cc6a8ad0aeaf,en,Latn,BANK_ACCOUNT_NUMBER,2935649910,r account number and date of birth?  [11:54] CUSTOMER: acct 2935649910 dob 1943-07-23  [13:52] Jordan: Thank you. I also need the ,0.00016722,0,stratified,1,1,,
dca6a52e-72d8-588d-8da6-3e2662728690#1,dca6a52e-72d8-588d-8da6-3e2662728690,bn,Beng,,672,"Record for নাসরিন চৌধুরী, CVV: 672, contact নাসরিন.চৌধুরী66@icloud.com. [#3e59d1ad433cba99-123",0.00065703,1,stratified,1,1,BANK_ACCOUNT_NUMBER,
de26dc73-0691-5da4-b0e7-6e85e1f4aa13#1,de26dc73-0691-5da4-b0e7-6e85e1f4aa13,en,Latn,LATITUDE_LONGITUDE,"-39.2557, -47.0918","Record for Christopher White, Latitude Longitude: -39.2557, -47.0918, contact christopher.white83@zoho.com. [#75f70a20ec51f5e7-2",0.00265604,0,stratified,1,1,,
de2beb1a-8013-59cf-b7ef-5a9e42c958b0#6,de2beb1a-8013-59cf-b7ef-5a9e42c958b0,en,Latn,SOCIAL_SECURITY_NUMBER,558-18-1458, Robert Rogers           | robert.rogers58@protonmail.com | 558-18-1458   | +1 (458) 406-6954  | +=========================+=======,0.00011151,0,stratified,1,1,,
df22fd60-e303-53f6-a5f4-47670fa305bc#1,df22fd60-e303-53f6-a5f4-47670fa305bc,el,Grek,CREDIT_CARD_NUMBER,4308 9012 2602 2240,"Record for Σοφία Κωνσταντίνου, Credit Card Number: 4308 9012 2602 2240, contact σοφία.κωνσταντίνου50@zoho.com. [#3e9b5fc1b1e2e64e-",0.00065703,0,stratified,1,1,,
df563680-e65b-5f24-8350-bdfd98a34488#1,df563680-e65b-5f24-8350-bdfd98a34488,it,Latn,,OZ-127567,"Record for Matteo Bruno, Driver License Number: OZ-127567, contact matteo.bruno38@gmail.com. [#8066b6ce78bc7bec-319]",0.00025502,1,stratified,1,1,DRIVER_LICENSE_NUMBER,
e1b6f626-335a-5015-b455-8e8dde807bdd#1,e1b6f626-335a-5015-b455-8e8dde807bdd,it,Latn,EMAIL_ADDRESS,marco.colombo50@virgilio.it,soggetto principale. Piu avanti compare solo Marco. L'email marco.colombo50@virgilio.it appartiene a Dott. Colombo; non confondere con Marco Gallo.,8.538e-05,0,stratified,1,1,,
e20cb410-a797-5b68-acee-88dcfb83ba8b#1,e20cb410-a797-5b68-acee-88dcfb83ba8b,el,Grek,DOCKET_NUMBER,2023-3034-EL,"Record for Αικατερίνη Παππάς, Docket Number: 2023-3034-EL, contact αικατερίνη.παππάς15@yahoo.com. [#d9058b874d872f69-",0.00132802,0,stratified,1,1,,
e2b5ab64-f829-5f17-9a9f-97ec927f48d9#2,e2b5ab64-f829-5f17-9a9f-97ec927f48d9,ar,Arab,EMAIL_ADDRESS,إبراهيم.القاسم60@hotmail.com,"Record for إبراهيم القاسم, Password: Xkp5jG@48VpJ, contact إبراهيم.القاسم60@hotmail.com. [#b633c391e54bdfc5-583]",0.0001051,0,stratified,1,1,,
e2cb45e6-2faf-55f0-87cd-401bcb389c96#3,e2cb45e6-2faf-55f0-87cd-401bcb389c96,es,Latn,JOB_TITLE,Database Administrator,icant Carlos Díaz applied for position at Hooli. Carlos has Database Administrator experience. Resume for Ms. Díaz includes email carlos.díaz5,0.00024701,0,stratified,1,1,,
e2f6ce64-fa43-56f0-b2c6-1bb3644af36e#1,e2f6ce64-fa43-56f0-b2c6-1bb3644af36e,he,Hebr,NATIONAL_ID_NUMBER,NID-940339628,"Record for רחל דהן, National Id Number: NID-940339628, contact רחל.דהן64@yahoo.com. [#cf0dc14b7b3547bb-126]",0.00065703,0,stratified,1,1,,
e35bf883-bad4-55bc-8cf8-577f143e8e6f#1,e35bf883-bad4-55bc-8cf8-577f143e8e6f,el,Grek,DRIVER_LICENSE_NUMBER,QR-148276,"Record for Σοφία Κωνσταντίνου, Driver License Number: QR-148276, contact σοφία.κωνσταντίνου24@aol.com. [#cb2b34b65dcca750-7",0.00065703,0,stratified,1,1,,
e3840c6c-f998-509a-b678-aee73bee5794#0,e3840c6c-f998-509a-b678-aee73bee5794,en,Latn,DATE_OF_BIRTH,6/6/81,"DOB: 06/06/1981. Addr: 4641 Main Avenue, Dover TX. Device id MAC: 7a:37:b1:",0.00014372,0,stratified,1,1,,
e4d7afde-bee0-569c-8d7d-458ce9b5e9b3#0,e4d7afde-bee0-569c-8d7d-458ce9b5e9b3,en,Latn,,10174967,Investigation confirmed that account 10174967 does NOT belong to Donna Thompson. The actual account holde,0.00016722,1,stratified,1,1,BANK_ACCOUNT_NUMBER,
e50e14ec-74c1-5b38-bae2-0c9c36e5850c#5,e50e14ec-74c1-5b38-bae2-0c9c36e5850c,en,Latn,PERSON_NAME,Michelle Harris,229336):  Q: Please state your full name for the record. A: Michelle Harris.  Q: And your date of birth? A: 1976-01-08.  Q: What is you,8.375e-05,0,stratified,1,1,,
e5ba9e15-c0e3-5234-a30e-a8fec44b10e7#1,e5ba9e15-c0e3-5234-a30e-a8fec44b10e7,de,Latn,RELIGIOUS_BELIEF,Christian,"Record for Monika Becker, Religious Belief: Christian, contact monika.becker35@mail.com. [#a9-RELI-de-26]",0.00456621,0,stratified,1,1,,
e6025ce5-374d-5fb3-a0f3-d5d262ef305e#0,e6025ce5-374d-5fb3-a0f3-d5d262ef305e,hi,Deva,PERSON_NAME,Vikram Patel,"Record for Vikram Patel, Medication Name: Metformin 500mg, contact vikram.patel49@o",9.796e-05,0,stratified,1,1,,
e754ebdb-a607-5a74-aea4-630d6a6d7484#0,e754ebdb-a607-5a74-aea4-630d6a6d7484,en,Latn,COURT_CASE_NUMBER,2024-CV-8512,Case 2024-CV-8512 Plaintiff: Steven Thomas Defendant: Sandra Brown Court: Van,0.0003411,0,stratified,1,1,,
e85d84cf-d94d-52d8-a29e-b1199d7fcbde#1,e85d84cf-d94d-52d8-a29e-b1199d7fcbde,bn,Beng,INSURANCE_POLICY_NUMBER,POL-5661620,"Record for সাকিব হোসেন, Insurance Policy Number: POL-5661620, contact সাকিব.হোসেন59@mail.com. [#48da33867ebbae01-45]",0.00065703,0,stratified,1,1,,
e8602d32-02d4-54d7-a3fc-0a669642bc03#5,e8602d32-02d4-54d7-a3fc-0a669642bc03,en,Latn,EMAIL_ADDRESS,timothy.martinez11@hotmail.com,concluded that action was needed. Email Timothy Martinez at timothy.martinez11@hotmail.com. Phone: +1 (716) 898-5969.,8.538e-05,0,stratified,1,1,,
e8e9b319-57ee-57bf-b83d-f9ce926164c4#0,e8e9b319-57ee-57bf-b83d-f9ce926164c4,en,Latn,TIMESTAMP,2026-03-12T03:41:00Z,"PROGRESS NOTE Date: 2026-03-12T03:41:00Z  Provider: Dr. Karen Anderson, NPI: 5963795674 Patient: Pau",0.00014064,0,stratified,1,1,,
e9944dfb-d0cd-5b2a-a653-952126495a4f#1,e9944dfb-d0cd-5b2a-a653-952126495a4f,es,Latn,INSURANCE_POLICY_NUMBER,POL-8524905,"Record for Diego Sánchez, Insurance Policy Number: POL-8524905, contact diego.sánchez30@aol.com. [#1c98c8a2b4e62db8-1269]",0.00028345,0,stratified,1,1,,
e9ec93fc-1018-5848-9fd1-37d8567f5df1#1,e9ec93fc-1018-5848-9fd1-37d8567f5df1,de,Latn,LOCATION_NAME,Springfield,"Record for Claudia Schmidt, Location Name: Springfield, contact claudia.schmidt70@outlook.com. [#457695df749d3a40-",0.00052002,0,stratified,1,1,,
e9fc241c-88c3-5384-b631-f35494e2585a#2,e9fc241c-88c3-5384-b631-f35494e2585a,nl,Latn,EMAIL_ADDRESS,pieter.dijk76@yahoo.com,"rd for Pieter van Dijk, Invoice Number: INV-764480, contact pieter.dijk76@yahoo.com. [#c665b60c2d127c6f-1303]",8.538e-05,0,stratified,1,1,,
e9fdca20-36e0-5e84-91b9-ed3b96533b39#2,e9fdca20-36e0-5e84-91b9-ed3b96533b39,bn,Beng,EMAIL_ADDRESS,রাকিব.মণ্ডল12@yahoo.com,"কিব মণ্ডল, Credit Card Number: 4441 0246 8327 4353, contact রাকিব.মণ্ডল12@yahoo.com. [#a6013a4ced89ac3e-1374]",0.00012131,0,stratified,1,1,,
ea87e394-857d-5b52-a34f-f0e436889205#1,ea87e394-857d-5b52-a34f-f0e436889205,ru,Cyrl,DRIVER_LICENSE_NUMBER,CQ-307552,"Record for Михаил Попов, Driver License Number: CQ-307552, contact михаил.попов1@aol.com. [#9fc6f7f8abc7f144-1024]",0.00064851,0,stratified,1,1,,
eb56796a-0513-5516-921a-109325250511#1,eb56796a-0513-5516-921a-109325250511,en,Latn,CREDIT_CARD_FRAGMENT,KioqKi0qKioqLSoqKiotODI1Mw==,"Record for Jessica Miller, Credit Card Fragment: KioqKi0qKioqLSoqKiotODI1Mw==, contact jessica.miller47@hotmail.com. [#336c16ffebcc0b3c-2",0.00070348,0,stratified,1,1,,
ebf71e80-dee1-5611-8957-97d6cf926f3a#0,ebf71e80-dee1-5611-8957-97d6cf926f3a,ja,Jpan,,隆 林,"Record for 隆 林, Procedure Name: Echocardiogram, contact 隆.林35@mail.com. [#",0.00010065,1,stratified,1,1,PERSON_NAME,
ec448b6c-8f21-5094-b5b1-cc4f1ca86d06#1,ec448b6c-8f21-5094-b5b1-cc4f1ca86d06,bn,Beng,,1/11/58,"Record for রুমা রহমান, DOB: 1958-01-11, contact রুমা.রহমান90@aol.com. [#f80026e1edbe3893-405]",0.00132802,1,stratified,1,1,DATE_OF_BIRTH,
ec600093-6dde-5339-a1c1-824ef0dc6aca#1,ec600093-6dde-5339-a1c1-824ef0dc6aca,bn,Beng,PASSWORD,1jkIX%d%2W,"Record for ফাতেমা হোসেন, Password: 1jkIX%d%2W, contact ফাতেমা.হোসেন83@icloud.com. [#69a5df09575ee74b-764]",0.00065703,0,stratified,1,1,,
ec85ab4f-6ef9-5c2c-aeda-aff8cf4f0c12#4,ec85ab4f-6ef9-5c2c-aeda-aff8cf4f0c12,en,Latn,EMPLOYEE_ID,EMP-64973,amirez reported to Stark Industries. William Miller (badge: EMP-64973) arrived first. William Ramirez (badge: EMP-29519) arrived ,0.00019942,0,stratified,1,1,,
ec8fdf27-a06c-5a76-8d4e-38be980c33f4#0,ec8fdf27-a06c-5a76-8d4e-38be980c33f4,de,Latn,PERSON_NAME,Sabine Braun,"Record for Sabine Braun, Medication Name: Atorvastatin 20mg, contact sabine.braun6@",8.375e-05,0,stratified,1,1,,
ed686cc1-2f97-55e6-a340-a73b34d7faeb#2,ed686cc1-2f97-55e6-a340-a73b34d7faeb,es,Latn,EMAIL_ADDRESS,laura.gómez24@hotmail.com,"Record for Laura Gómez, Tax Id: 63-6019283, contact laura.gómez24@hotmail.com. [#99111d415b8e3b30-219]",8.538e-05,0,stratified,1,1,,
ee4cbb67-a550-5b4f-bd01-540e3a85fdf7#2,ee4cbb67-a550-5b4f-bd01-540e3a85fdf7,he,Hebr,EMAIL_ADDRESS,מרים.מזרחי68@icloud.com,"Record for מרים מזרחי, PIN: 6730, contact מרים.מזרחי68@icloud.com. [#f8f47d1485245c66-1010]",0.00012131,0,stratified,1,1,,
ee84ed76-96f5-5022-936f-8d24dcb88dba#0,ee84ed76-96f5-5022-936f-8d24dcb88dba,nl,Latn,PERSON_NAME,Johanna de Boer,"Record for Johanna de Boer, Insurance Policy Number: POL-2058138, contact johanna.boer",8.375e-05,0,stratified,1,1,,
ee961f5c-5a98-5d1b-9532-b3cea283b478#1,ee961f5c-5a98-5d1b-9532-b3cea283b478,it,Latn,,NID-903447888,"Record for Marco Ferrari, National Id Number: NID-903447888, contact marco.ferrari29@fastmail.com. [#60c02d44a55f7c7a-9",0.000262,1,stratified,1,1,NATIONAL_ID_NUMBER,
ef17ef49-2687-5fe3-9682-9f13b103409f#2,ef17ef49-2687-5fe3-9682-9f13b103409f,bn,Beng,EMAIL_ADDRESS,জাহিদ.দাস20@hotmail.com,"জাহিদ দাস, Credit Card Number: 6011 0269 9018 1626, contact জাহিদ.দাস20@hotmail.com. [#a6013a4ced89ac3e-914]",0.00012131,0,stratified,1,1,,
ef9ed029-3eca-5072-b9f0-8d611f32f207#0,ef9ed029-3eca-5072-b9f0-8d611f32f207,zu,Latn,PERSON_NAME,Zanele Buthelezi,"name,email,phone,ssn Zanele Buthelezi,zanele.buthelezi75@zoho.com,+1 (987) 548-1767,618-54-8233",8.375e-05,0,stratified,1,1,,
efa6a930-cb71-5a27-af36-5208f2b8ee06#0,efa6a930-cb71-5a27-af36-5208f2b8ee06,ru,Cyrl,PERSON_NAME,Сергей Смирнов,"Record for Сергей Смирнов, Bank Account Number: 7953065087, contact сергей.смирнов19@",0.00011914,0,stratified,1,1,,
f02d154a-bcf5-59a1-9f4f-38df1b0fefea#1,f02d154a-bcf5-59a1-9f4f-38df1b0fefea,th,Thai,NATIONAL_ID_NUMBER,NID-641785875,"Record for ณัฐยา เจริญผล, National Id Number: NID-641785875, contact ณัฐยา.เจริญผล65@gmail.com. [#6c3a03d994b36689-468]",0.00065703,0,stratified,1,1,,
f0ff534d-d869-5152-8f74-dc8c1dbc5a07#1,f0ff534d-d869-5152-8f74-dc8c1dbc5a07,he,Hebr,EMPLOYEE_ID,EMP-10772,"Record for דניאל פרידמן, Employee Id: EMP-10772, contact דניאל.פרידמן19@aol.com. [#433022bc92d79aeb-326]",0.00132802,0,stratified,1,1,,
f18f6960-a774-5449-9241-fe0173e451cb#1,f18f6960-a774-5449-9241-fe0173e451cb,ru,Cyrl,PASSPORT_NUMBER,N94558988,"Record for Мария Козлов, Passport Number: N94558988, contact мария.козлов7@protonmail.com. [#b7c93e8b9ad14269-3",0.00064851,0,stratified,1,1,,
f25d402a-3322-59ae-b3a8-e0d3a81d6132#2,f25d402a-3322-59ae-b3a8-e0d3a81d6132,hi,Deva,EMAIL_ADDRESS,priya.singh56@zoho.com,"ingh, API key: sk-4inyUHeRprDDF8jnCuZHvwzTSTDjDPTX, contact priya.singh56@zoho.com. [#965cdb00a7af2a92-16]",0.00010001,0,stratified,1,1,,
f2c0f86a-cd95-5009-8b5f-f6f5c75f25a5#1,f2c0f86a-cd95-5009-8b5f-f6f5c75f25a5,en,Latn,BIOMETRIC_ID,QklPLTUxNDNBNTkwNDlGMDlBMjk=,"Record for Dorothy Jones, Biometric Id: QklPLTUxNDNBNTkwNDlGMDlBMjk=, contact dorothy.jones43@aol.com. [#9d9f5ce8e8e0f4fc-356]",0.00081766,0,stratified,1,1,,
f32560e8-6b73-5338-a7cd-1e416d2eca56#2,f32560e8-6b73-5338-a7cd-1e416d2eca56,en,Latn,PASSPORT_NUMBER,P7B105097,firmamos su reserva. Votre reference est #85097.  Passport: P7B105097 Fecha de nacimiento / Date of birth: 1987-10-02 Telefono / ,0.00021634,0,stratified,1,1,,
f44fe91f-f6a1-52ed-be91-e30e925bae96#4,f44fe91f-f6a1-52ed-be91-e30e925bae96,en,Latn,EMAIL_ADDRESS,william.gonzalez77@protonmail.com, see the issue on your account. I'll send a confirmation to william.gonzalez77@protonmail.com. Is +1 (211) 882-9332 still the best number for callback?  ,8.538e-05,0,stratified,1,1,,
f4bfb7a4-8bed-5286-8ee9-b16f39a04dd2#1,f4bfb7a4-8bed-5286-8ee9-b16f39a04dd2,it,Latn,,AO-909784,"Record for Elena Conti, Driver License Number: AO-909784, contact elena.conti45@outlook.com. [#8066b6ce78bc7bec-284]",0.00025502,1,stratified,1,1,DRIVER_LICENSE_NUMBER,
f6099a77-b10c-5dcc-adbe-f2536e03d1f4#2,f6099a77-b10c-5dcc-adbe-f2536e03d1f4,it,Latn,,anna.gallo37@zoho.com,"rd for Anna Gallo, Court Case Number: 2023-CR-3232, contact anna.gallo37@zoho.com. [#7389340cda2abe53-155]",8.538e-05,1,stratified,1,1,EMAIL_ADDRESS,
f615f2e0-5a62-5a1a-85ae-eb49a73464fc#2,f615f2e0-5a62-5a1a-85ae-eb49a73464fc,en,Latn,PHONE_NUMBER,+1 (877) 425-6912,er Austin filed a complaint about the Austin branch. Phone: +1 (877) 425-6912.,9.813e-05,0,stratified,1,1,,
f64b6968-d5a8-5a36-aa7f-bb8dd5a2c9bd#3,f64b6968-d5a8-5a36-aa7f-bb8dd5a2c9bd,en,Latn,DOCKET_NUMBER,7:23-mc-03013-WBE,"  v. John Ramirez and Weyland-Yutani, Defendants.  Case No. 7:23-mc-03013-WBE Filed: 2026-10-20T10:38:00Z Judge: Hon. William Jackson  OP",0.00041277,0,stratified,1,1,,
f68256a4-2f1c-54ec-9cf1-66fdc2304bce#2,f68256a4-2f1c-54ec-9cf1-66fdc2304bce,ja,Jpan,EMAIL_ADDRESS,愛子.伊藤58@protonmail.com,"Record for 愛子 伊藤, Passport Number: Q47618266, contact 愛子.伊藤58@protonmail.com. [#501541658ed98a30-1282]",8.747e-05,0,stratified,1,1,,
f70caea6-ad6a-5d56-8415-d1f2b1c12d93#2,f70caea6-ad6a-5d56-8415-d1f2b1c12d93,th,Thai,,ทักษิณ.วงศ์สวัสดิ์94@hotmail.com,"d for ทักษิณ วงศ์สวัสดิ์, Swift Bic Code: PAHDCHE3, contact ทักษิณ.วงศ์สวัสดิ์94@hotmail.com. [#c727237b0442b330-1293]",0.00012162,1,stratified,1,1,EMAIL_ADDRESS,
f8a5ece6-8582-52ed-89f6-a98cf1b2e170#1,f8a5ece6-8582-52ed-89f6-a98cf1b2e170,it,Latn,USERNAME,user_8704,"Record for Anna Bruno, Username: user_8704, contact anna.bruno60@yahoo.com. [#28d325d47c290bd6-579]",0.00028891,0,stratified,1,1,,
f93519af-8f48-5d4a-b221-31f7771ee7ce#2,f93519af-8f48-5d4a-b221-31f7771ee7ce,fr,Latn,PHONE_NUMBER,+1 (538) 966-2394,"Lambert, courriel: philippe.lambert38@orange.fr, telephone: +1 (538) 966-2394. NSS: 138-48-7338. Adresse: 4638 Hawthorn Circle, Bristol, ",9.813e-05,0,stratified,1,1,,
fa2e744f-4e9a-5a09-aff3-f09cf1254563#0,fa2e744f-4e9a-5a09-aff3-f09cf1254563,pt,Latn,PERSON_NAME,Tiago Martins,"Record for Tiago Martins, National Id Number: NID-419479807, contact tiago.martins5@",8.375e-05,0,stratified,1,1,,
faaad2d7-1764-59e7-906d-83780a278933#1,faaad2d7-1764-59e7-906d-83780a278933,it,Latn,TAX_ID,28-7322434,"Record for Marco Rossi, Tax Id: 28-7322434, contact marco.rossi47@yahoo.com. [#1981b972d8297846-1120]",0.00028547,0,stratified,1,1,,
fd094b4b-2a53-5dd8-976c-62d939069357#2,fd094b4b-2a53-5dd8-976c-62d939069357,it,Latn,EMAIL_ADDRESS,sara.gallo96@gmail.com,"Record for Sara Gallo, PIN: 4456, contact sara.gallo96@gmail.com. [#3fc9d1243524f0ec-1501]",8.538e-05,0,stratified,1,1,,
fd5294dd-21ad-50ea-84b7-e1833b640022#0,fd5294dd-21ad-50ea-84b7-e1833b640022,en,Latn,,Emma Murphy,"[10:02 AM] Emma Murphy: Hey Angela, can you send me the client file? [10:03 AM] An",8.375e-05,1,stratified,1,1,PERSON_NAME,
fd95195f-839b-539e-b365-98bd424ed0b3#7,fd95195f-839b-539e-b365-98bd424ed0b3,en,Latn,ORGANIZATION_NAME,LexCorp,"sh, followed by a wire transfer of $24,000 on 2025-03-20 to LexCorp (account ending 9310). On 2025-11-23, an additional cash de",0.00011622,0,stratified,1,1,,
fdff502f-e232-5999-a851-2bf7d715a846#0,fdff502f-e232-5999-a851-2bf7d715a846,ko,Kore,PERSON_NAME,서연 권,"Record for 서연 권, DOB: 1973-04-25, contact 서연.권62@mail.com. [#c4c711fcfab04c",9.683e-05,0,stratified,1,1,,
fed07803-035d-5f12-95da-f5b78124709b#19,fed07803-035d-5f12-95da-f5b78124709b,en,Latn,,Amanda Perez,g pipeline. Raymond Miller is responsible for architecture. Amanda Perez handles infrastructure. Emma Harris oversees testing. ,8.375e-05,1,stratified,1,1,PERSON_NAME,
feed43e4-520b-573e-9adb-09c96217afea#4,feed43e4-520b-573e-9adb-09c96217afea,en,Latn,PERSON_NAME,Samuel,"ez70@gmail.com Phone: +1 (270) 690-9710 Account: 10125710  [Samuel]: Hi, I noticed an unauthorized charge on my card ending 77",8.375e-05,0,stratified,1,1,,
ff221a01-0e2b-5671-b01a-29d99b864678#1,ff221a01-0e2b-5671-b01a-29d99b864678,th,Thai,BANK_ACCOUNT_NUMBER,3722682185,"Record for มาลัย ปัญญารชุน, Bank Account Number: 3722682185, contact มาลัย.ปัญญารชุน50@aol.com. [#9cc1f8c6bdb6592a-1064",0.00065703,0,stratified,1,1,,
ffb82a48-0532-5995-80eb-e3ccab6b525c#1,ffb82a48-0532-5995-80eb-e3ccab6b525c,he,Hebr,DATE_OF_BIRTH,2/18/43,"Record for אברהם שפירא, DOB: 1943-02-18, contact אברהם.שפירא63@icloud.com. [#4975333d914a378c-629]",0.00132802,0,stratified,1,1,,
ffc8ea6d-f837-5a7d-8e00-05daab37a833#2,ffc8ea6d-f837-5a7d-8e00-05daab37a833,nl,Latn,EMAIL_ADDRESS,cornelis.meijer13@gmail.com,"rd for Cornelis Meijer, Passport Number: P67593533, contact cornelis.meijer13@gmail.com. [#9300860486f232f-582]",8.538e-05,0,stratified,1,1,,
ffd2e28d-d2c3-5c56-86dc-a6abebbdee9f#0,ffd2e28d-d2c3-5c56-86dc-a6abebbdee9f,pt,Latn,PERSON_NAME,Miguel Ribeiro,"Record for Miguel Ribeiro, National Id Number: NID-926969339, contact miguel.ribeiro9",8.375e-05,0,stratified,1,1,,